City_ID,City,Country,Lat,Lng,Max Temp,Humidity,Cloudiness,Wind Speed,Current Description 
0,Yellowknife,CA,62.456,-114.3525,10.99,78,75,5.75,broken clouds
1,Arti,RU,56.4234,58.5328,32.25,86,100,5.84,overcast clouds
2,Wewak,PG,-3.5534,143.6268,78.64,84,98,0.63,overcast clouds
3,Thompson,CA,55.7435,-97.8558,15.8,67,20,10.36,few clouds
4,Rikitea,PF,-23.1203,-134.9692,78.64,73,27,19.28,light rain
5,Yulara,AU,-25.2406,130.9889,75.2,69,99,1.14,overcast clouds
6,Kahului,US,20.8947,-156.47,69.8,49,20,13.8,few clouds
7,Hilo,US,19.7297,-155.09,68.0,64,90,4.61,overcast clouds
8,Rio Verde De Mato Grosso,BR,-18.9181,-54.8442,92.88,28,10,7.61,clear sky
9,Iqaluit,CA,63.7506,-68.5145,-13.0,70,40,2.3,scattered clouds
10,Saskylakh,RU,71.9167,114.0833,-13.58,100,100,1.5,overcast clouds
11,Longyearbyen,SJ,78.2186,15.6401,23.0,74,75,31.07,snow
12,Dauriya,RU,49.9333,116.8667,35.19,76,95,26.04,overcast clouds
13,Gulu,UG,2.7746,32.299,68.4,75,100,2.91,light rain
14,Punta Arenas,CL,-53.15,-70.9167,60.8,63,0,12.66,clear sky
15,Sarkand,KZ,45.41,79.9186,48.63,59,50,6.55,scattered clouds
16,Tiksi,RU,71.6872,128.8694,7.56,97,100,1.77,overcast clouds
17,Vaini,TO,-21.2,-175.2,78.8,89,20,6.91,few clouds
18,Bredasdorp,ZA,-34.5322,20.0403,68.0,49,91,12.66,overcast clouds
19,Hermanus,ZA,-34.4187,19.2345,64.99,68,59,1.01,broken clouds
20,Batemans Bay,AU,-35.7167,150.1833,57.99,93,17,3.0,few clouds
21,Tarancon,ES,40.0085,-3.0073,64.99,42,0,4.61,clear sky
22,Tilichiki,RU,60.4667,166.1,-9.69,99,100,10.11,overcast clouds
23,Villa Maria,AR,-32.4075,-63.2402,66.0,71,17,8.01,few clouds
24,Waipawa,NZ,-41.4122,175.5153,64.4,72,75,18.41,light rain
25,Bluff,NZ,-46.6,168.3333,57.99,90,81,1.01,light rain
26,Aketi,CD,2.7388,23.7833,84.58,57,43,5.01,scattered clouds
27,Ushuaia,AR,-54.8,-68.3,55.4,67,75,14.97,broken clouds
28,Yarada,IN,17.65,83.2667,84.2,74,75,4.61,haze
29,Saldanha,ZA,-33.0117,17.9442,69.8,46,0,20.71,clear sky
30,Hobart,AU,-42.8794,147.3294,53.6,71,61,13.8,broken clouds
31,Arraial Do Cabo,BR,-22.9661,-42.0278,91.4,62,0,12.66,clear sky
32,Kodiak,US,57.79,-152.4072,30.2,40,1,17.27,clear sky
33,Noumea,NC,-22.2763,166.4572,73.4,94,0,3.44,clear sky
34,Mossendjo,CG,-2.9506,12.7261,81.86,65,99,2.8,light rain
35,Kumsi,IN,14.0667,75.4,76.73,71,66,7.58,broken clouds
36,Carnarvon,AU,-24.8667,113.6333,77.0,78,1,11.5,clear sky
37,Airai,TL,-8.9266,125.4092,60.19,93,100,2.13,overcast clouds
38,Okhotsk,RU,59.3833,143.3,-3.19,99,98,4.52,overcast clouds
39,Georgetown,MY,5.4112,100.3354,84.2,89,40,6.91,scattered clouds
40,Barrow,US,71.2906,-156.7887,-14.8,76,1,3.44,clear sky
41,Colares,PT,38.7992,-9.4469,72.0,40,0,4.61,clear sky
42,Blackfalds,CA,52.3834,-113.7853,30.2,93,98,14.97,overcast clouds
43,East London,ZA,-33.0153,27.9116,68.0,64,0,19.57,clear sky
44,Saint-Philippe,RE,-21.3585,55.7679,78.8,89,75,5.75,moderate rain
45,New Norfolk,AU,-42.7826,147.0587,51.01,80,54,3.89,broken clouds
46,Mataura,NZ,-46.1927,168.8643,57.99,90,40,1.01,scattered clouds
47,Sistranda,NO,63.7256,8.834,42.8,81,75,14.97,broken clouds
48,Port Alfred,ZA,-33.5906,26.891,68.13,71,18,22.12,few clouds
49,Las Lomas,PA,8.4333,-82.4,91.4,35,20,26.46,few clouds
50,Lagoa,PT,39.05,-27.9833,58.73,83,95,12.84,overcast clouds
51,Leningradskiy,RU,69.3833,178.4167,-19.43,91,20,6.73,few clouds
52,Diamantino,BR,-14.4086,-56.4461,89.31,44,34,4.7,scattered clouds
53,Valdivia,CL,-39.8142,-73.2459,62.6,63,0,4.61,clear sky
54,Albany,US,42.6001,-73.9662,53.01,46,18,1.99,few clouds
55,Jamestown,US,42.097,-79.2353,54.0,66,40,5.19,scattered clouds
56,Zyryanka,RU,65.75,150.85,-15.93,97,99,4.52,overcast clouds
57,Cidreira,BR,-30.1811,-50.2056,79.72,66,97,8.66,light rain
58,Busselton,AU,-33.65,115.3333,52.0,88,59,8.95,broken clouds
59,Sibu,MY,2.3,111.8167,78.8,89,40,1.48,scattered clouds
60,Ulladulla,AU,-35.35,150.4667,62.01,94,90,5.75,overcast clouds
61,Jacareacanga,BR,-6.2222,-57.7528,82.81,78,27,4.12,scattered clouds
62,Hambantota,LK,6.1241,81.1185,78.8,94,40,3.44,scattered clouds
63,Atuona,PF,-9.8,-139.0333,80.6,77,88,19.1,light rain
64,Cuamba,MZ,-14.8031,36.5372,72.45,89,14,1.45,few clouds
65,Abu Kamal,SY,34.4506,40.9171,57.49,20,5,16.55,clear sky
66,Isangel,VU,-19.55,169.2667,76.89,88,6,6.85,clear sky
67,Seoni,IN,22.0833,79.5333,81.5,14,0,6.49,clear sky
68,Sao Filipe,CV,14.8961,-24.4956,70.45,74,2,14.45,clear sky
69,Lieto,FI,60.5103,22.4618,48.2,61,0,9.22,clear sky
70,Tsiroanomandidy,MG,-18.7667,46.0333,69.1,85,22,2.95,few clouds
71,Cape Town,ZA,-33.9258,18.4232,68.0,49,0,23.02,clear sky
72,Kapaa,US,22.0752,-159.319,73.4,78,40,14.97,scattered clouds
73,Awjilah,LY,29.1081,21.2869,65.39,24,0,11.77,clear sky
74,Avarua,CK,-21.2078,-159.775,80.6,83,75,9.22,broken clouds
75,Fortuna,US,40.5982,-124.1573,41.0,100,1,9.22,clear sky
76,Nikolskoye,RU,59.7035,30.7861,46.4,53,0,4.47,clear sky
77,Alofi,NU,-19.0595,-169.9187,78.8,89,15,5.75,light rain
78,Hirara,JP,24.8,125.2833,74.14,84,46,15.17,scattered clouds
79,Bengkulu,ID,-3.8004,102.2655,76.89,92,100,5.97,moderate rain
80,Byron Bay,AU,-28.65,153.6167,64.4,94,0,7.34,clear sky
81,Labuhan,ID,-6.8844,112.2051,80.51,82,89,3.02,overcast clouds
82,Hithadhoo,MV,-0.6,73.0833,84.15,71,95,10.85,overcast clouds
83,Lebu,CL,-37.6167,-73.65,60.35,65,85,17.98,overcast clouds
84,Khatanga,RU,71.9667,102.5,4.03,94,100,6.98,overcast clouds
85,Bethel,US,41.3712,-73.414,61.0,41,1,6.91,clear sky
86,Hit,IQ,33.6416,42.8251,60.3,16,0,14.14,clear sky
87,Makakilo City,US,21.3469,-158.0858,73.4,83,1,4.61,clear sky
88,Coahuayana,MX,18.7333,-103.6833,75.2,53,1,3.49,clear sky
89,Cherskiy,RU,68.75,161.3,-21.41,99,32,5.64,scattered clouds
90,Gualaquiza,EC,-3.4,-78.55,68.11,89,97,2.06,light rain
91,Butaritari,KI,3.0707,172.7902,80.91,79,95,14.76,light rain
92,Honningsvag,NO,70.9821,25.9704,38.77,80,99,13.53,overcast clouds
93,Hovd,MN,48.0056,91.6419,30.4,28,100,2.17,overcast clouds
94,Puerto Ayora,EC,-0.7393,-90.3518,82.4,74,20,11.5,few clouds
95,Koidu,SL,8.4167,-10.8333,96.93,30,54,6.78,broken clouds
96,Upernavik,GL,72.7868,-56.1549,-23.21,70,1,3.11,clear sky
97,Jalalabad,AF,34.4265,70.4515,74.37,40,78,2.73,broken clouds
98,Bathsheba,BB,13.2167,-59.5167,82.4,57,20,23.02,few clouds
99,Coihaique,CL,-45.5752,-72.0662,62.6,51,75,5.75,broken clouds
100,Tasiilaq,GL,65.6145,-37.6368,23.0,39,90,21.85,light snow
101,Castro,BR,-24.7911,-50.0119,81.16,51,91,7.16,overcast clouds
102,Dingle,PH,10.9995,122.6711,76.66,85,21,6.53,few clouds
103,Parabel,RU,58.6978,81.4825,32.0,98,100,5.97,overcast clouds
104,Kutum,SD,14.2,24.6667,78.98,12,99,14.18,overcast clouds
105,Ilovka,RU,50.7053,38.637,37.18,84,97,9.71,moderate rain
106,Souillac,MU,-20.5167,57.5167,77.0,88,40,6.91,scattered clouds
107,Lorengau,PG,-2.0226,147.2712,80.38,81,98,8.39,overcast clouds
108,Lincoln,US,40.8,-96.667,54.0,66,40,21.85,scattered clouds
109,Provideniya,RU,64.3833,-173.3,-2.9,100,100,3.96,overcast clouds
110,Khani,GE,41.9563,42.9566,42.8,81,75,14.97,broken clouds
111,Mahibadhoo,MV,3.7833,72.9667,79.0,84,100,3.58,overcast clouds
112,Prince Rupert,CA,54.3161,-130.3201,44.6,87,90,18.41,moderate rain
113,Lata,PT,40.1629,-8.3327,73.99,43,100,2.15,overcast clouds
114,Ust-Tsilma,RU,65.441,52.1498,18.68,93,33,4.83,scattered clouds
115,Jos,NG,9.9167,8.9,86.34,12,6,10.56,clear sky
116,Mahebourg,MU,-20.4081,57.7,77.0,88,40,6.91,light rain
117,Surovikino,RU,48.6078,42.8486,37.89,98,100,6.29,overcast clouds
118,Mayumba,GA,-3.432,10.6554,82.74,75,100,8.01,overcast clouds
119,Port Elizabeth,ZA,-33.918,25.5701,64.4,77,0,17.27,clear sky
120,Wajima,JP,37.4,136.9,50.97,72,100,6.4,overcast clouds
121,Wageningen,NL,51.9667,5.6667,48.99,53,75,12.66,broken clouds
122,Tuktoyaktuk,CA,69.4541,-133.0374,-27.4,75,75,3.44,broken clouds
123,Andenes,NO,69.3143,16.1194,41.0,81,90,6.91,overcast clouds
124,Kruisfontein,ZA,-34.0033,24.7314,66.0,74,21,5.99,few clouds
125,Mahuva,IN,21.0914,71.7622,86.4,31,0,9.73,clear sky
126,Qaanaaq,GL,77.484,-69.3632,-6.27,71,100,5.84,overcast clouds
127,Aksu,CN,41.1231,80.2644,57.76,40,7,16.26,clear sky
128,Saint George,US,37.1041,-113.5841,52.0,43,1,3.44,clear sky
129,Kelme,LT,55.6339,22.9342,53.6,43,0,14.97,clear sky
130,Eyemouth,GB,55.8713,-2.0901,45.0,69,80,3.0,broken clouds
131,Charlestown,AU,-32.95,151.6667,66.99,65,31,5.88,scattered clouds
132,Quatre Cocos,MU,-20.2078,57.7625,80.01,88,40,6.91,scattered clouds
133,Tigil,RU,57.8,158.6667,-2.15,96,100,5.44,overcast clouds
134,Paamiut,GL,61.994,-49.6678,1.69,72,0,33.46,clear sky
135,Zaton,RU,53.2936,83.8072,32.0,93,75,11.18,light snow
136,Sulangan,PH,11.1373,123.7228,82.11,76,44,11.25,scattered clouds
137,Victoria,HK,22.2855,114.1577,75.0,88,4,2.24,clear sky
138,Road Town,VG,18.4167,-64.6167,86.0,58,40,14.97,scattered clouds
139,San Ignacio,BZ,17.1561,-89.0714,86.0,62,40,11.5,scattered clouds
140,Nanortalik,GL,60.1432,-45.2371,7.88,73,9,18.57,clear sky
141,Varangaon,IN,21.0167,75.9,90.68,12,0,1.23,clear sky
142,Tiszaeszlar,HU,48.05,21.4667,60.8,33,0,8.05,clear sky
143,Chuy,UY,-33.6971,-53.4616,76.66,76,86,2.57,overcast clouds
144,Maniitsoq,GL,65.4167,-52.9,-5.46,63,17,4.23,few clouds
145,Nhulunbuy,AU,-12.2333,136.7667,80.6,89,64,6.91,broken clouds
146,Kaitangata,NZ,-46.2817,169.8464,60.01,75,11,8.01,few clouds
147,Nikel,RU,69.4128,30.222,39.2,75,90,14.97,overcast clouds
148,Derzhavinsk,KZ,51.1,66.3167,31.64,97,100,5.99,light snow
149,Kongoussi,BF,13.3258,-1.5347,99.91,8,2,15.9,clear sky
150,Moundou,TD,8.5667,16.0833,98.91,10,63,6.29,broken clouds
151,Mar Del Plata,AR,-38.0023,-57.5575,64.99,77,75,23.02,broken clouds
152,Kargasok,RU,59.0556,80.8572,32.4,99,100,4.5,light snow
153,Lucea,JM,18.451,-78.1736,84.2,65,40,17.27,scattered clouds
154,Poum,NC,-20.2333,164.0167,80.22,75,70,10.51,broken clouds
155,Westport,US,41.1415,-73.3579,60.01,47,1,11.5,clear sky
156,Ancud,CL,-41.8697,-73.8203,66.99,72,20,4.61,few clouds
157,Pevek,RU,69.7008,170.3133,-20.85,95,98,3.24,overcast clouds
158,Mount Gambier,AU,-37.8333,140.7667,53.6,94,90,9.22,overcast clouds
159,Faya,SA,18.3851,42.4509,69.8,55,0,6.91,clear sky
160,Torbay,CA,47.6666,-52.7314,30.99,100,90,31.07,snow
161,Togur,RU,58.3631,82.8265,30.2,96,100,6.42,overcast clouds
162,Wichita Falls,US,33.9137,-98.4934,69.8,56,1,5.17,clear sky
163,Deputatskiy,RU,69.3,139.9,-2.24,97,100,1.54,overcast clouds
164,Vysokogornyy,RU,50.1167,139.15,21.06,98,98,2.13,overcast clouds
165,Kodinsk,RU,58.6881,99.1844,17.01,98,93,3.96,overcast clouds
166,Victor Harbor,AU,-35.5667,138.6167,57.0,95,3,5.48,clear sky
167,Comodoro Rivadavia,AR,-45.8667,-67.5,69.8,37,0,16.11,clear sky
168,Aklavik,CA,68.2191,-135.0107,-20.2,76,75,4.61,broken clouds
169,Carutapera,BR,-1.195,-46.02,74.52,95,100,4.61,overcast clouds
170,Nexo,DK,55.0607,15.1306,41.0,100,75,17.27,broken clouds
171,Potiskum,NG,11.7091,11.0694,93.0,10,32,15.21,scattered clouds
172,Rupert,US,42.6191,-113.6772,42.8,52,1,8.05,clear sky
173,Ilulissat,GL,69.2167,-51.1,-11.2,44,20,8.05,few clouds
174,Lage,DE,51.9922,8.793,43.0,86,91,1.99,light rain
175,San Pedro De Macoris,DO,18.4616,-69.2972,87.8,55,40,8.05,scattered clouds
176,Luena,AO,-11.7833,19.9167,68.9,83,100,2.44,light rain
177,Chokurdakh,RU,70.6333,147.9167,-8.14,91,99,5.39,overcast clouds
178,Antofagasta,CL,-23.65,-70.4,72.0,68,20,10.36,few clouds
179,Hameenlinna,FI,60.996,24.4643,48.2,61,0,9.22,clear sky
180,Santa Vitoria Do Palmar,BR,-33.5189,-53.3681,77.45,75,78,2.21,broken clouds
181,Narsaq,GL,60.9167,-46.05,10.4,37,20,1.14,few clouds
182,Juneau,US,58.3019,-134.4197,33.8,86,90,14.97,mist
183,Viedma,AR,-40.8135,-62.9967,71.26,22,62,7.65,broken clouds
184,Petropavlovsk-Kamchatskiy,RU,53.0452,158.6483,28.4,50,40,29.08,scattered clouds
185,Burgeo,CA,47.6167,-57.6152,30.22,85,100,37.92,snow
186,Badhni Kalan,IN,30.6833,75.2833,76.08,21,0,3.78,clear sky
187,Kijang,KR,35.2442,129.2139,62.6,88,90,20.71,heavy intensity rain
188,Norman Wells,CA,65.282,-126.8329,6.8,78,75,10.36,light snow
189,Zemio,CF,5.0314,25.1361,84.52,47,86,2.35,overcast clouds
190,Ahipara,NZ,-35.1667,173.1667,66.4,84,100,11.95,overcast clouds
191,Khandyga,RU,62.6667,135.6,13.21,98,100,3.0,overcast clouds
192,Komsomolskiy,UZ,40.4272,71.7189,57.2,77,100,4.61,overcast clouds
193,College,US,64.8569,-147.8028,15.8,79,90,2.91,overcast clouds
194,Luderitz,NA,-26.6481,15.1594,70.34,62,0,22.64,clear sky
195,Geraldton,AU,-28.7667,114.6,68.0,73,2,11.5,clear sky
196,Ponta Grossa,BR,-25.095,-50.1619,81.14,52,98,5.66,overcast clouds
197,Piacabucu,BR,-10.4056,-36.4344,82.76,67,69,11.25,broken clouds
198,Suntar,RU,62.1444,117.6319,9.43,95,85,4.18,overcast clouds
199,Ambon,ID,-3.6954,128.1814,77.0,88,40,2.3,moderate rain
200,Sosua,DO,19.7667,-70.5167,84.2,74,40,18.41,scattered clouds
201,Butterworth,MY,5.3991,100.3638,84.0,83,40,4.61,scattered clouds
202,Ola,RU,59.5833,151.2833,-6.03,99,96,4.52,overcast clouds
203,Tazovskiy,RU,67.4667,78.7,5.45,95,100,14.56,overcast clouds
204,Meadow Lake,US,34.8014,-106.5436,48.0,52,1,9.22,clear sky
205,Pokhara,NP,28.2333,83.9833,67.44,18,2,7.34,clear sky
206,Kankan,GN,10.3854,-9.3057,103.78,6,45,4.7,scattered clouds
207,Thinadhoo,MV,0.5333,72.9333,83.77,70,99,8.95,overcast clouds
208,Woodward,US,36.4337,-99.3904,55.99,58,1,16.11,clear sky
209,Bandar,ID,2.05,99.75,73.85,95,100,1.86,overcast clouds
210,Moron,AR,-34.6534,-58.6198,72.0,88,75,8.05,broken clouds
211,Fairbanks,US,64.8378,-147.7164,15.8,85,90,2.68,overcast clouds
212,Goderich,CA,43.7501,-81.7165,37.4,93,30,5.75,scattered clouds
213,Latung,PH,5.5,120.8833,82.6,77,80,8.43,broken clouds
214,Korla,CN,41.7597,86.1469,55.17,51,100,14.36,overcast clouds
215,Namtsy,RU,62.7161,129.6658,19.4,79,20,4.47,light snow
216,Cap Malheureux,MU,-19.9842,57.6142,80.01,80,42,3.47,scattered clouds
217,Camacha,PT,33.0833,-16.3333,64.4,94,75,17.27,broken clouds
218,Ust-Nera,RU,64.5667,143.2,-5.21,99,96,3.51,overcast clouds
219,Sitka,US,57.0531,-135.33,32.0,100,90,1.83,light snow
220,Arkhara,RU,49.4212,130.0842,33.57,94,99,4.36,overcast clouds
221,Asfi,MA,32.2994,-9.2372,66.09,63,69,11.65,broken clouds
222,Kapenguria,KE,1.2511,35.0895,66.24,42,100,1.39,overcast clouds
223,Ostrovnoy,RU,68.0531,39.5131,34.02,80,93,26.87,overcast clouds
224,Rawson,AR,-43.3002,-65.1023,75.52,18,28,20.71,scattered clouds
225,Riyadh,SA,24.6877,46.7219,86.0,19,8,19.57,clear sky
226,Bintulu,MY,3.1667,113.0333,78.8,94,20,5.39,few clouds
227,Sorland,NO,67.667,12.6934,39.2,93,75,13.8,broken clouds
228,Muravlenko,RU,63.7898,74.523,3.02,97,47,10.76,scattered clouds
229,Katsuura,JP,35.1333,140.3,61.0,71,100,3.0,overcast clouds
230,Lavrentiya,RU,65.5833,-171.0,-15.99,90,15,4.14,few clouds
231,Fort-Shevchenko,KZ,44.5086,50.263,40.77,86,93,18.57,overcast clouds
232,Grand-Santi,GF,4.25,-54.3833,87.06,56,81,5.41,broken clouds
233,Rehti,IN,22.7333,77.4333,77.0,47,0,2.3,clear sky
234,Banda Aceh,ID,5.5577,95.3222,78.46,87,100,12.21,light rain
235,Klaksvik,FO,62.2266,-6.589,39.2,70,40,24.16,scattered clouds
236,San Patricio,US,28.017,-97.5169,77.0,88,90,13.8,overcast clouds
237,Algiers,DZ,36.7525,3.042,66.2,68,0,12.66,clear sky
238,Pisco,PE,-13.7,-76.2167,73.0,73,15,8.05,few clouds
239,Dakar,SN,14.6937,-17.4441,71.6,78,0,19.57,clear sky
240,Saint-Pierre,RE,-21.3393,55.4781,78.8,89,75,5.75,moderate rain
241,Baruun-Urt,MN,46.6806,113.2792,32.14,78,90,29.33,light snow
242,Taoudenni,ML,22.6783,-3.9836,95.99,5,2,12.1,clear sky
243,San Ramon De La Nueva Oran,AR,-23.1322,-64.326,60.12,94,100,1.21,overcast clouds
244,Constitucion,CL,-35.3333,-72.4167,69.89,40,43,10.58,scattered clouds
245,San Angelo,US,31.4638,-100.437,73.0,60,40,9.22,scattered clouds
246,Mapiripan,CO,2.8892,-72.1256,83.37,70,56,9.01,broken clouds
247,Mezen,RU,65.8522,44.24,26.33,92,12,5.7,few clouds
248,Salalah,OM,17.0151,54.0924,82.4,65,0,3.44,clear sky
249,Dikson,RU,73.5069,80.5464,-17.14,100,64,8.32,broken clouds
250,Tupelo,US,34.2576,-88.7034,78.8,65,75,12.66,broken clouds
251,Waitati,NZ,-45.75,170.5667,62.01,74,97,5.01,overcast clouds
252,Beringovskiy,RU,63.05,179.3167,-14.17,99,29,4.34,scattered clouds
253,Adzope,CI,6.1069,-3.8619,87.3,58,97,5.39,light rain
254,Hasaki,JP,35.7333,140.8333,55.4,76,75,9.22,broken clouds
255,Aleksandrow Kujawski,PL,52.8766,18.6935,46.0,90,100,3.0,overcast clouds
256,Collie,AU,-33.3667,116.15,56.48,84,88,5.5,overcast clouds
257,Bentiu,SS,9.2333,29.8333,96.15,21,70,2.44,broken clouds
258,Ornskoldsvik,SE,63.2909,18.7153,35.6,100,90,9.22,mist
259,Sabang,ID,5.8933,95.3214,82.24,76,100,13.94,moderate rain
260,Tombouctou,ML,20.0,-3.0,93.92,5,0,13.96,clear sky
261,Bubaque,GW,11.2833,-15.8333,77.34,73,19,14.32,few clouds
262,Havre-Saint-Pierre,CA,50.2334,-63.5986,24.8,46,1,11.5,clear sky
263,Nalut,LY,30.3333,10.85,70.25,12,35,6.06,scattered clouds
264,Mae Hong Son,TH,19.3003,97.9685,80.83,36,8,1.59,clear sky
265,Aquin,HT,18.2833,-73.4,81.19,65,8,5.95,clear sky
266,Tuatapere,NZ,-46.1333,167.6833,57.99,90,96,1.01,overcast clouds
267,Oranjemund,NA,-28.55,16.4333,65.16,79,0,22.17,clear sky
268,Zheleznogorsk,RU,52.331,35.3711,33.44,99,100,3.44,overcast clouds
269,Chupa,RU,66.27,33.0549,36.61,90,100,10.33,overcast clouds
270,Namatanai,PG,-3.6667,152.4333,79.05,80,100,9.53,light rain
271,Naze,JP,28.3667,129.4833,66.85,84,100,20.11,overcast clouds
272,Sudislavl,RU,57.8817,41.7083,33.4,91,100,3.65,overcast clouds
273,Saint Anthony,US,45.0205,-93.218,46.0,81,90,4.61,moderate rain
274,Hastings,GB,50.8552,0.5729,52.0,50,73,7.0,broken clouds
275,Roseburg,US,43.2165,-123.3417,44.01,87,1,4.61,clear sky
276,Yaan,NG,7.3833,8.5667,100.2,10,47,9.86,scattered clouds
277,Gizo,SB,-8.103,156.8419,82.06,76,36,7.72,scattered clouds
278,Kavieng,PG,-2.5744,150.7967,81.32,79,92,13.27,moderate rain
279,Turkistan,KZ,43.0,68.0,58.98,56,94,7.11,overcast clouds
280,Pauini,BR,-7.7136,-66.9764,87.73,59,73,3.67,broken clouds
281,Ormara,PK,25.2088,64.6357,78.49,79,9,13.18,clear sky
282,Pilar,BR,-9.5972,-35.9567,75.2,100,75,9.22,mist
283,Verkhoshizhemye,RU,58.011,49.1038,28.24,91,97,6.08,overcast clouds
284,Pasir Gudang,MY,1.4584,103.8805,78.8,83,75,2.3,broken clouds
285,Virginia Beach,US,36.8529,-75.978,66.99,45,20,10.36,few clouds
286,Grand Forks,US,47.9417,-97.4337,39.2,52,1,16.11,clear sky
287,Ballina,AU,-28.8667,153.5667,64.4,94,0,8.43,clear sky
288,Sinnamary,GF,5.3833,-52.95,80.78,80,67,10.45,broken clouds
289,Portland,US,45.5234,-122.6762,46.99,71,20,1.79,few clouds
290,Vardo,NO,70.3705,31.1107,39.2,75,75,18.41,broken clouds
291,Hadgaon,IN,19.5,77.6667,86.76,11,0,6.26,clear sky
292,Biak,ID,-0.9131,122.8766,76.71,86,100,5.12,overcast clouds
293,Suruc,TR,36.9761,38.425,41.0,56,20,5.75,few clouds
294,Pacifica,US,37.6138,-122.4869,57.2,67,1,2.59,clear sky
295,Tateyama,JP,34.9833,139.8667,61.0,37,100,7.0,overcast clouds
296,Ribeira Grande,PT,38.5167,-28.7,62.6,82,75,11.5,broken clouds
297,Cornelio Procopio,BR,-23.1811,-50.6467,91.4,46,40,3.44,scattered clouds
298,Aswan,EG,24.0934,32.907,72.7,11,2,13.73,clear sky
299,Murgab,TM,37.4966,61.9714,62.6,77,40,4.61,light rain
300,Talaya,RU,61.3833,152.75,-19.14,96,80,3.47,broken clouds
301,Guerrero Negro,MX,27.9769,-114.0611,60.37,60,0,4.0,clear sky
302,Tiarei,PF,-17.5333,-149.3333,77.0,88,40,1.14,light rain
303,Inuvik,CA,68.3499,-133.7218,-14.8,76,92,3.47,overcast clouds
304,Astoria,US,46.1879,-123.8313,46.0,87,90,3.04,overcast clouds
305,Kaitong,CN,44.8135,123.15,50.23,55,2,17.78,clear sky
306,Dongsheng,CN,39.8161,109.9776,39.81,23,43,22.3,scattered clouds
307,Clyde River,CA,70.4692,-68.5914,-0.4,65,90,4.61,overcast clouds
308,Mercedes,AR,-34.6515,-59.4307,66.99,85,100,8.01,overcast clouds
309,Khorinsk,RU,52.1657,109.7726,19.29,90,100,5.17,overcast clouds
310,Broken Hill,AU,-31.95,141.4333,59.0,63,37,4.61,scattered clouds
311,Praia,CV,14.9215,-23.5087,75.2,57,40,33.38,scattered clouds
312,Linhares,BR,-19.3911,-40.0722,90.5,46,90,3.44,overcast clouds
313,Kachug,RU,53.9606,105.8817,10.76,96,28,3.58,scattered clouds
314,Antsohihy,MG,-14.8796,47.9875,74.7,95,96,3.31,moderate rain
315,Victoria Point,AU,-27.5833,153.3,69.01,97,0,4.21,clear sky
316,Guadalupe Y Calvo,MX,26.1,-106.9667,56.89,11,6,9.75,clear sky
317,Codrington,AU,-38.2667,141.9667,53.44,86,82,7.45,broken clouds
318,Price,US,39.5994,-110.8107,39.2,52,1,12.66,clear sky
319,Ariquemes,BR,-9.9133,-63.0408,86.65,62,19,2.66,few clouds
320,Alyangula,AU,-13.8483,136.4192,82.44,79,85,10.31,overcast clouds
321,Talnakh,RU,69.4865,88.3972,14.72,96,100,1.88,overcast clouds
322,Varca,IN,15.2167,73.9167,86.0,84,40,4.61,scattered clouds
323,Maumere,ID,-8.6199,122.2111,80.29,81,86,5.35,overcast clouds
324,Lompoc,US,34.6391,-120.4579,54.0,81,1,6.91,clear sky
325,Shaoyang,CN,27.2315,111.4525,59.92,92,40,0.56,scattered clouds
326,Avera,US,33.194,-82.5271,78.01,67,90,8.05,haze
327,Talcahuano,CL,-36.7167,-73.1167,68.0,45,0,12.66,clear sky
328,Kaabong,UG,3.4836,34.1492,75.51,36,100,6.62,overcast clouds
329,Hamilton,US,39.1834,-84.5333,60.01,72,1,4.61,clear sky
330,Nizhnevartovsk,RU,60.9344,76.5531,32.0,86,0,6.71,light snow
331,Brae,GB,60.3964,-1.353,42.8,65,90,13.8,overcast clouds
332,Coruripe,BR,-10.1256,-36.1756,81.41,74,70,11.45,broken clouds
333,Caravelas,BR,-17.7125,-39.2481,87.37,49,0,9.71,clear sky
334,Agadez,NE,19.75,10.25,79.18,11,0,15.28,clear sky
335,Mala,PE,-12.6581,-76.6308,74.23,74,23,7.61,few clouds
336,Tsuruoka,JP,38.7217,139.8217,46.44,78,100,9.6,overcast clouds
337,Spring Hill,US,28.4769,-82.5255,87.01,48,1,6.91,clear sky
338,Kovdor,RU,67.5662,30.4758,34.81,97,100,11.48,overcast clouds
339,Luwuk,ID,-0.9516,122.7875,77.67,88,100,4.99,overcast clouds
340,Pacific Grove,US,36.6177,-121.9166,55.99,75,0,4.41,clear sky
341,Calama,CL,-22.4667,-68.9333,73.4,15,0,9.22,clear sky
342,Coquimbo,CL,-29.9533,-71.3436,62.6,77,20,12.66,few clouds
343,Verkhneyarkeyevo,RU,55.4505,54.3145,32.88,89,100,14.74,overcast clouds
344,Starokamyshinsk,RU,55.0554,61.6031,37.4,70,40,6.71,scattered clouds
345,Kungsbacka,SE,57.4872,12.0761,42.01,100,90,8.05,overcast clouds
346,Iberia,US,29.9502,-91.7507,77.0,94,90,12.66,overcast clouds
347,Narasannapeta,IN,18.4167,84.05,79.52,74,31,0.27,scattered clouds
348,Soe,ID,-9.8607,124.284,66.65,95,100,3.58,overcast clouds
349,Severnyy,RU,50.677,36.5532,41.0,81,40,2.24,scattered clouds
350,Stokmarknes,NO,68.5646,14.9108,39.0,88,100,8.01,light rain
351,De-Kastri,RU,51.4667,140.7833,20.8,96,82,2.28,broken clouds
352,West Wendover,US,40.7391,-114.0733,44.6,45,1,5.75,clear sky
353,Belmopan,BZ,17.25,-88.7667,86.0,63,76,8.86,broken clouds
354,Isla Vista,US,34.4133,-119.861,61.0,71,1,0.92,clear sky
355,Margate,GB,51.3813,1.3862,51.01,43,89,1.99,overcast clouds
356,Alberton,CA,46.8168,-64.0654,26.6,86,100,2.3,light snow
357,Inhambane,MZ,-23.865,35.3833,80.6,78,40,6.91,light rain
358,Abaza,RU,52.655,90.0928,27.59,94,92,2.93,overcast clouds
359,Sisimiut,GL,66.9395,-53.6735,-6.75,82,83,8.12,broken clouds
360,Nchelenge,ZM,-9.3451,28.734,72.41,77,46,1.05,light rain
361,Bucerias,MX,20.75,-105.3333,69.8,73,1,3.49,clear sky
362,Novaya Malykla,RU,54.2,49.95,32.22,92,100,8.5,overcast clouds
363,Palmer,US,42.1584,-72.3287,59.0,38,20,4.61,few clouds
364,Grindavik,IS,63.8424,-22.4338,28.4,59,90,41.43,light snow
365,Greeley,US,40.4233,-104.7091,45.0,66,3,11.01,clear sky
366,Itarema,BR,-2.9248,-39.9167,79.2,81,93,4.12,moderate rain
367,Faanui,PF,-16.4833,-151.75,82.81,71,42,21.65,light rain
368,Saint-Francois,FR,46.4154,3.9054,53.6,43,0,6.91,clear sky
369,Kraslava,LV,55.8951,27.168,48.34,71,80,5.39,broken clouds
370,Neuquen,AR,-38.9516,-68.0591,73.4,23,0,4.61,clear sky
371,Antalaha,MG,-14.9003,50.2788,79.63,86,99,7.7,light rain
372,Naron,ES,43.5167,-8.1528,60.8,59,0,6.91,clear sky
373,Xinzhou,CN,38.4092,112.7333,55.74,31,91,8.01,overcast clouds
374,Cabinda,AO,-5.55,12.2,87.8,62,20,8.05,few clouds
375,Ust-Koksa,RU,50.2696,85.6108,23.65,93,83,0.4,broken clouds
376,Cantanhede,BR,-3.6333,-44.3767,85.95,63,100,1.03,overcast clouds
377,Te Anau,NZ,-45.4167,167.7167,57.13,94,100,2.57,overcast clouds
378,Manta,EC,-0.95,-80.7333,86.0,70,75,6.91,broken clouds
379,Vegreville,CA,53.5001,-112.0518,32.0,86,100,9.22,snow
380,Broome,US,42.2506,-75.833,50.0,81,90,3.89,overcast clouds
381,Rorvik,NO,64.8621,11.2373,41.49,75,100,10.6,overcast clouds
382,Kibara,TZ,-2.15,33.45,75.2,69,20,11.39,few clouds
383,Owando,CG,-0.4819,15.8999,86.25,56,92,2.91,overcast clouds
384,Iquitos,PE,-3.7481,-73.2472,84.2,74,75,6.91,broken clouds
385,Cedar City,US,37.6775,-113.0619,41.0,64,1,5.75,clear sky
386,Fort Nelson,CA,58.8053,-122.7002,24.8,74,90,2.93,overcast clouds
387,Bowen,AU,-20.0167,148.2333,71.6,94,4,2.3,clear sky
388,Husavik,IS,66.0449,-17.3389,19.4,49,0,6.91,clear sky
389,Kavaratti,IN,10.5669,72.642,84.47,73,97,9.62,overcast clouds
390,Tual,ID,-5.6667,132.75,82.87,78,97,9.37,moderate rain
391,Ryotsu,JP,38.0833,138.4333,50.81,64,100,3.94,overcast clouds
392,Guadalupe Victoria,MX,32.2869,-115.105,64.99,39,1,5.75,clear sky
393,Sao Jose Da Coroa Grande,BR,-8.8978,-35.1478,83.21,67,67,8.72,broken clouds
394,Cabo San Lucas,MX,22.8909,-109.9124,71.01,63,1,4.41,clear sky
395,Misratah,LY,32.3754,15.0925,64.62,51,62,14.81,broken clouds
396,Coos Bay,US,43.3665,-124.2179,44.01,100,90,4.38,fog
397,Soyo,AO,-6.1349,12.3689,87.8,62,20,8.05,few clouds
398,Ponta Do Sol,PT,32.6667,-17.1,59.0,72,75,6.91,broken clouds
399,Kamyshin,RU,50.0983,45.416,35.82,97,100,7.99,overcast clouds
400,Birao,CF,10.2849,22.7882,96.13,8,55,9.64,broken clouds
401,Moussoro,TD,13.6408,16.4901,91.38,9,0,20.29,clear sky
402,Alugan,PH,12.2188,125.4808,79.63,84,81,9.71,broken clouds
403,Umm Lajj,SA,25.0213,37.2685,72.27,55,2,20.33,clear sky
404,La Ronge,CA,55.1001,-105.2842,17.6,67,82,3.83,broken clouds
405,Verkhnyaya Inta,RU,65.9811,60.3094,24.22,88,100,11.72,overcast clouds
406,Nemuro,JP,43.3236,145.575,34.68,76,95,15.82,overcast clouds
407,Sur,OM,22.5667,59.5289,81.63,50,96,3.58,overcast clouds
408,Xuddur,SO,4.1213,43.8894,87.15,21,100,8.75,overcast clouds
409,Lunenburg,CA,44.3835,-64.3155,35.01,75,95,25.32,overcast clouds
410,Tallahassee,US,30.4383,-84.2807,79.0,73,75,5.75,broken clouds
411,Baykit,RU,61.67,96.37,26.33,97,100,3.71,light snow
412,Nador,MA,35.174,-2.9287,64.4,77,75,8.05,broken clouds
413,Port Lincoln,AU,-34.7333,135.8667,58.78,75,26,4.41,scattered clouds
414,Auki,SB,-8.7676,160.7034,77.97,87,99,4.36,overcast clouds
415,Kasama,ZM,-10.2129,31.1808,64.27,91,78,1.95,light rain
416,Bangassou,CF,4.7413,22.8184,87.93,40,25,1.63,scattered clouds
417,Boffa,GN,10.1667,-14.0333,86.85,52,34,15.52,scattered clouds
418,Sola,VU,-13.8833,167.55,82.53,75,98,14.18,overcast clouds
419,Griffith,US,41.5284,-87.4237,57.99,71,75,18.41,broken clouds
420,Mattru,SL,7.6244,-11.8332,90.77,51,89,8.25,overcast clouds
421,Tautira,PF,-17.7333,-149.15,77.0,88,40,1.14,light rain
422,Ewa Beach,US,21.3156,-158.0072,73.4,83,1,4.61,clear sky
423,Sungaipenuh,ID,-2.0833,101.3833,65.95,92,100,2.39,moderate rain
424,Sioux Lookout,CA,50.1001,-91.917,30.2,86,90,5.75,snow
425,Farah,AF,32.5,62.5,83.16,12,20,7.58,few clouds
426,Lembeni,TZ,-3.7833,37.6167,69.35,77,100,4.29,overcast clouds
427,Mankapur,IN,27.0333,82.2333,77.63,10,0,2.75,clear sky
428,Serov,RU,59.6033,60.5787,20.03,92,23,4.45,few clouds
429,Binghamton,US,42.0987,-75.918,50.0,81,90,3.8,overcast clouds
430,Lilongwe,MW,-13.9669,33.7873,75.2,69,20,2.3,few clouds
431,Pangnirtung,CA,66.1451,-65.7125,-7.1,73,46,3.44,scattered clouds
432,Kudahuvadhoo,MV,2.6708,72.8944,80.37,77,100,4.34,overcast clouds
433,Madera,US,37.1666,-119.8343,57.99,57,0,1.01,clear sky
434,Meulaboh,ID,4.1363,96.1285,76.17,92,100,4.45,moderate rain
435,Kaduy,RU,59.2,37.15,35.6,75,20,1.23,few clouds
436,Jabinyanah,TN,35.035,10.9081,71.6,35,0,13.8,clear sky
437,Katobu,ID,-4.9408,122.5276,75.31,94,96,1.7,overcast clouds
438,Tariba,VE,7.8188,-72.2243,73.4,100,75,3.44,fog
439,Vizinga,RU,61.0749,50.1031,18.19,96,21,3.09,few clouds
440,Trairi,BR,-3.2778,-39.2689,80.82,81,90,7.34,overcast clouds
441,Elko,US,41.0002,-115.5012,39.0,71,6,5.01,clear sky
442,Bambous Virieux,MU,-20.3428,57.7575,80.01,88,40,6.91,light rain
443,Irbeyskoye,RU,55.6428,95.4522,24.19,93,99,2.86,overcast clouds
444,Kaeo,NZ,-35.1,173.7833,66.0,85,100,5.99,overcast clouds
445,Yumen,CN,40.2833,97.2,49.21,41,100,10.27,overcast clouds
446,Lasa,IT,46.6166,10.7002,64.4,66,20,3.44,few clouds
447,Tselina,RU,46.5338,41.0328,39.42,84,88,8.57,overcast clouds
448,Severo-Kurilsk,RU,50.6789,156.125,26.1,83,100,34.54,light snow
449,Sembakung,ID,3.8167,117.25,73.42,98,85,1.43,overcast clouds
450,Kenai,US,60.5544,-151.2583,21.2,68,90,5.75,overcast clouds
451,Jacqueville,CI,5.2052,-4.4146,86.0,66,20,8.05,few clouds
452,Hami,CN,42.8,93.45,57.58,42,100,5.86,overcast clouds
453,Shache,CN,38.4167,77.2406,65.89,19,100,11.3,overcast clouds
454,Wyndham,US,37.6985,-77.6125,72.0,40,1,5.75,clear sky
455,Chumikan,RU,54.7183,135.315,14.88,96,100,3.15,overcast clouds
456,Vila Franca Do Campo,PT,37.7167,-25.4333,60.8,67,20,9.22,few clouds
457,Takoradi,GH,4.8845,-1.7554,83.93,70,66,11.03,broken clouds
458,Qovlar,AZ,40.948,45.735,41.0,87,90,11.5,overcast clouds
459,Avintes,PT,41.1175,-8.5499,66.99,63,0,8.05,clear sky
460,Markkleeberg,DE,51.2833,12.4,44.01,87,20,19.57,few clouds
461,Nabire,ID,-3.3667,135.4833,75.72,95,100,4.94,overcast clouds
462,Laguna,US,38.421,-121.4238,55.99,58,1,3.31,clear sky
463,Bayji,IQ,34.9311,43.487,57.16,20,0,15.48,clear sky
464,Rio Grande,BR,-32.035,-52.0986,78.8,69,75,9.22,light rain
465,Palafrugell,ES,41.9174,3.1631,61.0,22,44,7.99,scattered clouds
466,Charters Towers,AU,-20.1,146.2667,71.44,82,0,7.72,clear sky
467,San Cristobal,VE,7.7669,-72.225,73.4,100,75,3.44,fog
468,Vanavara,RU,60.34,102.2797,18.39,95,90,6.4,overcast clouds
469,Morros,BR,-9.4467,-46.3003,86.43,52,100,0.87,overcast clouds
470,Canton,CN,23.1167,113.25,77.0,78,75,4.47,broken clouds
471,Montemor-O-Novo,PT,38.6481,-8.2145,73.4,31,0,6.91,clear sky
472,Den Helder,NL,52.9599,4.7593,46.4,61,28,21.85,scattered clouds
473,Hwange,ZW,-18.3693,26.5019,80.4,42,76,4.9,broken clouds
474,Todos Santos,MX,23.45,-110.2167,63.0,81,11,3.0,few clouds
475,Akdepe,TM,42.0551,59.3788,55.4,47,0,6.91,clear sky
476,Ploemeur,FR,47.7333,-3.4333,55.99,62,75,14.97,broken clouds
477,Sangar,RU,63.9242,127.4739,14.09,96,100,5.08,light snow
478,Alto Araguaia,BR,-17.3147,-53.2153,84.24,40,36,8.39,scattered clouds
479,Olga,RU,43.7444,135.2892,36.03,91,100,3.78,overcast clouds
480,Chernyshevskiy,RU,63.0128,112.4714,19.85,95,99,6.82,overcast clouds
481,Abbeville,FR,50.1,1.8333,50.0,66,41,13.8,scattered clouds
482,Prainha,BR,-1.8,-53.48,84.34,63,73,4.92,broken clouds
483,Batticaloa,LK,7.7102,81.6924,81.05,76,99,7.27,overcast clouds
484,Weyburn,CA,49.6668,-103.8511,32.0,51,97,8.05,light snow
485,Anloga,GH,5.7947,0.8973,87.8,66,20,13.8,few clouds
486,Monastyrshchina,RU,54.3496,31.838,35.55,94,79,3.11,broken clouds
487,Torres,BR,-29.3353,-49.7269,75.67,82,98,1.83,light rain
488,Biloela,AU,-24.4167,150.5,67.89,83,1,2.77,clear sky
489,Bandundu,CD,-3.3167,17.3667,83.1,68,58,2.3,broken clouds
490,Sosnovo-Ozerskoye,RU,52.5249,111.5418,15.13,89,100,5.93,overcast clouds
491,Tarko-Sale,RU,64.9225,77.785,2.64,96,49,12.39,scattered clouds
492,Keetmanshoop,NA,-26.5833,18.1333,77.45,15,0,6.53,clear sky
493,Nouakchott,MR,18.0858,-15.9785,78.8,50,0,25.32,sand
494,Vallenar,CL,-28.5708,-70.7581,79.95,31,0,6.89,clear sky
495,Evansville,US,37.9748,-87.5558,66.99,55,75,5.75,broken clouds
496,Banjarmasin,ID,-3.3244,114.591,77.0,94,81,2.3,broken clouds
497,Stromness,GB,58.965,-3.296,44.6,61,20,11.5,few clouds
498,Nome,US,64.5011,-165.4064,-7.01,77,1,5.19,clear sky
499,Del Rio,US,29.3627,-100.8968,75.2,64,20,5.75,few clouds
500,Acari,PE,-15.4311,-74.6158,81.01,54,68,9.24,broken clouds
501,Jiazi,CN,22.8779,116.067,71.92,87,4,6.2,clear sky
502,Arlit,NE,18.7369,7.3853,86.65,5,0,6.49,clear sky
503,Nagorsk,RU,59.3172,50.8078,22.78,91,47,4.99,scattered clouds
504,Chihuahua,MX,28.5,-106.0,59.0,11,1,5.75,clear sky
505,Belmonte,BR,-15.8631,-38.8828,84.2,61,40,13.8,scattered clouds
506,Melfi,IT,40.9965,15.6514,68.0,40,0,6.91,clear sky
507,Mahajanga,MG,-15.7167,46.3167,82.4,78,20,6.91,few clouds
508,Alihe,CN,50.5667,123.7167,31.96,96,100,4.14,overcast clouds
509,Paraiso,CR,9.8383,-83.8656,77.0,60,40,19.57,scattered clouds
510,Padang,ID,-0.9492,100.3543,78.8,94,90,2.3,overcast clouds
511,Lenoir,US,35.2335,-77.6497,78.01,83,40,4.61,scattered clouds
512,Shuyskoye,RU,59.3736,41.0305,32.65,97,100,1.74,overcast clouds
513,Marawi,PH,7.9986,124.2928,77.0,90,100,3.0,overcast clouds
514,Saint-Ambroise,CA,48.5501,-71.3324,35.01,80,95,9.22,overcast clouds
515,Kulhudhuffushi,MV,6.6221,73.07,83.08,77,100,10.25,moderate rain
516,Konstantinovka,RU,49.6167,127.9833,36.25,92,100,4.47,overcast clouds
517,Fukue,JP,32.6881,128.8419,64.17,95,100,30.78,light rain
518,Kalmunai,LK,7.4167,81.8167,80.2,77,99,5.46,overcast clouds
519,Keti Bandar,PK,24.1447,67.4497,79.99,65,7,12.1,clear sky
520,Carballo,ES,43.213,-8.691,60.01,70,0,5.01,clear sky
521,Kensington,AU,-33.9167,151.2167,66.2,63,0,8.05,clear sky
522,Wodonga,AU,-36.1167,146.8833,51.01,100,22,2.21,few clouds
523,Dunedin,NZ,-45.8742,170.5036,62.01,66,83,1.01,broken clouds
524,Kununurra,AU,-15.7667,128.7333,80.6,89,97,3.44,overcast clouds
525,Duku,NG,11.2361,4.9073,100.22,8,16,9.51,few clouds
526,Lazarev,RU,52.225,141.5131,6.49,98,59,4.92,broken clouds
527,Chivay,PE,-15.6383,-71.6011,55.6,59,89,6.31,overcast clouds
528,Kismayo,SO,-0.3582,42.5454,80.89,73,22,14.56,few clouds
529,Touros,BR,-5.1989,-35.4608,80.6,89,40,13.8,scattered clouds
530,Prattville,US,32.464,-86.4597,81.0,73,90,6.91,overcast clouds
531,Chase,CA,50.8165,-119.6857,41.0,81,78,1.14,broken clouds
532,Barranca,PE,-10.75,-77.7667,73.4,71,54,7.61,broken clouds
533,Almaznyy,RU,48.0448,40.045,46.4,76,40,6.71,scattered clouds
534,Chuguyevka,RU,44.1653,133.8633,33.62,93,100,4.54,overcast clouds
535,Dawei,MM,14.0833,98.2,78.85,86,63,0.87,broken clouds
536,Homer,US,59.6425,-151.5483,28.0,63,90,6.91,overcast clouds
537,Scarborough,GB,54.2797,-0.4044,50.0,56,95,3.0,overcast clouds
538,Rincon De La Victoria,ES,36.7172,-4.2758,66.0,72,20,8.05,few clouds
539,Turbat,PK,26.0023,63.044,84.61,45,24,6.78,few clouds
540,Andros,GR,37.8333,24.9333,54.0,44,2,2.53,clear sky
541,Yelizovo,RU,53.1873,158.3805,28.4,50,40,29.08,scattered clouds
542,Peniche,PT,39.3558,-9.3811,66.0,59,100,10.0,overcast clouds
543,General Cepeda,MX,25.3833,-101.45,64.4,36,1,4.74,clear sky
544,Mehriz,IR,31.5917,54.4318,84.2,14,12,18.41,sand
545,Mount Pleasant,US,32.7941,-79.8626,82.0,74,20,9.73,haze
546,North Bend,US,43.4065,-124.2243,44.01,100,90,4.99,fog
547,Chulman,RU,56.8479,124.9104,19.85,96,100,1.9,light snow
548,Sarangani,PH,5.4033,125.4636,81.97,78,100,13.76,overcast clouds
549,Nizwa,OM,22.9333,57.5333,87.58,15,18,1.14,few clouds
550,Colac,AU,-38.3333,143.5833,51.01,97,95,5.75,overcast clouds
551,Mangochi,MW,-14.4782,35.2645,72.97,88,16,4.63,light rain
552,San Francisco,US,37.7749,-122.4194,57.2,67,1,2.82,clear sky
553,Shimanovsk,RU,52.0,127.7,32.5,95,100,4.74,overcast clouds
554,Hualmay,PE,-11.0964,-77.6139,73.98,73,57,6.73,broken clouds
555,Bardiyah,LY,31.7561,25.0865,57.09,52,7,13.24,clear sky
556,Vila,PT,42.0304,-8.1588,66.99,37,1,1.99,clear sky
557,Lubango,AO,-14.9172,13.4925,61.5,96,100,3.78,moderate rain
558,Krasnogorsk,RU,55.8225,37.3181,44.6,45,0,6.71,clear sky
559,Katherine,AU,-14.4667,132.2667,77.0,83,48,4.61,light rain
560,Priboj,BA,44.6028,18.9314,62.6,34,75,8.05,broken clouds
561,Nouadhibou,MR,20.931,-17.0347,69.8,68,0,20.71,clear sky
562,Sciacca,IT,37.5082,13.0881,60.01,52,82,8.99,broken clouds
563,Doume,CM,4.2333,13.45,89.4,35,85,3.69,overcast clouds
564,Aparecida Do Taboado,BR,-20.0867,-51.0936,93.94,27,8,6.58,clear sky
565,Ust-Kuyga,RU,70.0167,135.6,1.81,98,100,3.96,overcast clouds
566,Khanpur,PK,28.6453,70.6567,89.49,15,0,4.59,clear sky
567,Danjiangkou,CN,32.5428,111.5086,57.0,43,2,2.68,clear sky
568,Manokwari,ID,-0.8667,134.0833,77.25,83,100,4.85,overcast clouds
569,Sterling,US,39.0062,-77.4286,69.01,45,1,10.36,clear sky
570,Niksar,TR,40.5917,36.9517,38.68,84,91,3.58,overcast clouds
571,Vilkija,LT,55.05,23.5833,53.6,43,75,9.22,broken clouds
572,Jibuti,DJ,11.5,42.5,84.2,54,1,3.44,clear sky
573,Sao Gabriel Da Cachoeira,BR,-0.1303,-67.0892,86.0,66,0,4.61,clear sky
574,Hervey Bay,AU,-25.2986,152.8535,72.0,77,6,1.01,clear sky
575,Bage,BR,-31.3314,-54.1069,75.2,78,90,5.75,light rain
576,Nguruka,TZ,-5.1092,31.0419,69.06,85,85,2.86,light rain
577,Storforshei,NO,66.4043,14.5233,39.99,87,75,3.44,light rain
578,Clovis,US,36.8252,-119.7029,57.99,54,1,3.44,clear sky
579,Tessalit,ML,20.1986,1.0114,87.49,4,0,15.9,clear sky
580,Vao,NC,-22.6667,167.4833,77.7,80,4,11.59,clear sky
581,Kieta,PG,-6.2167,155.6333,78.67,85,100,5.37,moderate rain
582,Newport,GB,51.5877,-2.9984,52.0,69,91,1.99,overcast clouds
583,Turukhansk,RU,65.8167,87.9833,9.64,98,100,5.53,overcast clouds
584,Rantepao,ID,-2.9701,119.8978,68.23,98,100,2.04,light rain
585,Three Hills,CA,51.7001,-113.2686,37.99,86,85,10.36,overcast clouds
586,Panjab,AF,34.388,67.0233,37.09,97,90,2.57,overcast clouds
587,La Libertad,EC,-2.2333,-80.9,78.8,73,0,6.91,clear sky
588,Samfya,ZM,-11.3649,29.5565,68.65,85,23,4.94,light rain
589,Lev Tolstoy,RU,53.2134,39.446,32.54,94,100,5.3,overcast clouds
590,Dwarka,IN,22.2394,68.9678,80.19,69,36,14.74,scattered clouds
591,Jining,CN,35.405,116.5814,53.28,85,2,7.58,clear sky
592,Sovetsk,RU,55.0839,21.8785,54.0,59,93,14.38,overcast clouds
593,Zhangjiakou,CN,40.81,114.8794,50.9,18,77,16.04,broken clouds
594,Suba,PH,10.8438,121.0102,82.65,78,100,15.5,overcast clouds
595,Tamiahua,MX,21.2667,-97.45,78.3,75,93,5.5,overcast clouds
596,Taft,IR,31.7471,54.2088,84.2,14,44,18.41,sand
597,Praia Da Vitoria,PT,38.7333,-27.0667,62.6,77,75,4.12,broken clouds
598,Kuching,MY,1.55,110.3333,77.0,100,20,2.26,few clouds
599,Olafsvik,IS,64.8945,-23.7142,27.23,54,100,30.06,overcast clouds
600,Nichinan,JP,31.6,131.3667,62.35,89,99,14.5,overcast clouds
601,Simpang,ID,-1.2667,104.0833,74.66,96,61,2.04,broken clouds
602,Charagua,BO,-19.8,-63.2167,64.4,100,90,7.87,overcast clouds
603,Yerbogachen,RU,61.2767,108.0108,14.79,95,98,5.06,overcast clouds
604,Galashki,RU,43.1136,44.9894,48.0,53,40,8.95,scattered clouds
605,Nuqui,CO,5.7125,-77.2708,77.86,82,100,5.64,overcast clouds
606,Maxixe,MZ,-23.8597,35.3472,80.6,78,40,6.91,light rain
607,Leshukonskoye,RU,64.8989,45.7622,19.92,95,9,3.31,clear sky
608,Paso De Carrasco,UY,-34.8603,-56.0522,73.4,73,75,10.36,broken clouds
609,Kalininskaya,RU,45.4822,38.6628,48.0,72,6,8.01,clear sky
610,Cayhagan,PH,9.6697,122.4256,79.84,77,71,6.85,broken clouds
611,Atasu,KZ,48.6814,71.6433,33.12,97,100,5.75,overcast clouds
612,Wasilla,US,61.5814,-149.4394,23.0,93,90,1.83,overcast clouds
613,Balabac,PH,7.9868,117.0645,81.64,78,7,8.57,clear sky
614,Los Llanos De Aridane,ES,28.6585,-17.9182,69.8,73,40,9.22,scattered clouds
615,Yazman,PK,29.1212,71.7446,91.58,13,0,8.61,clear sky
616,Jumla,NP,29.2747,82.1838,47.39,57,45,4.72,scattered clouds
617,Obo,CF,5.3998,26.4869,82.33,51,54,3.0,broken clouds
618,Cururupu,BR,-1.8283,-44.8683,77.58,85,100,1.32,overcast clouds
619,Nantucket,US,41.2835,-70.0995,51.8,66,1,8.05,clear sky
620,Muromtsevo,RU,56.3724,75.2418,27.36,97,100,2.15,light snow
621,Ossora,RU,59.2353,163.0719,10.36,92,100,12.1,overcast clouds
622,Esperantinopolis,BR,-4.8667,-44.7083,83.07,69,100,0.58,overcast clouds
623,Port Hawkesbury,CA,45.6169,-61.3485,36.0,93,75,13.8,light snow
624,Ouadda,CF,8.0777,22.4007,90.1,25,49,3.15,scattered clouds
625,Visnes,NO,59.3556,5.2242,46.4,71,40,10.36,scattered clouds
626,Karangasem,ID,-8.45,115.6167,82.4,89,40,2.3,scattered clouds
627,Ewo,CG,-0.8725,14.8206,84.69,58,85,6.85,overcast clouds
628,La Palma,US,33.8464,-118.0467,59.0,62,1,1.32,clear sky
629,Kinsale,IE,51.7075,-8.5306,48.99,100,75,26.46,light rain
630,Mayo,US,38.8876,-76.5119,68.0,51,1,9.22,clear sky
631,Surt,LY,31.2089,16.5887,61.59,51,2,9.48,clear sky
632,Sept-Iles,CA,50.2001,-66.3821,28.0,39,100,5.75,overcast clouds
633,Hobyo,SO,5.3505,48.5268,81.23,76,22,15.21,few clouds
634,Asau,RO,46.4333,26.4,53.01,30,8,3.29,clear sky
635,Karaton,ID,-6.3424,106.1045,81.0,89,40,4.61,light rain
636,Cuauhtemoc,MX,28.4167,-106.8667,59.0,12,5,8.01,clear sky
637,Atkarsk,RU,51.8718,45.0078,33.13,98,100,7.99,overcast clouds
638,Belyy Yar,RU,53.6039,91.3903,26.6,80,55,6.71,smoke
639,Port Macquarie,AU,-31.4333,152.9167,62.01,92,4,5.64,clear sky
640,Mount Isa,AU,-20.7333,139.5,78.8,29,0,9.22,clear sky
641,Cabo Rojo,PR,18.0866,-67.1457,84.99,65,0,3.0,clear sky
642,Voh,NC,-20.9667,164.7,77.11,82,88,3.27,overcast clouds
643,Nagato,JP,34.3833,131.2,59.0,82,75,17.27,moderate rain
644,Port Hardy,CA,50.6996,-127.4199,44.6,87,90,4.61,overcast clouds
645,Fauske,NO,67.2588,15.3918,39.99,91,100,2.51,light rain
646,Puerto Escondido,MX,15.85,-97.0667,87.8,84,1,4.92,clear sky
647,Palu,ID,-0.8917,119.8707,74.73,97,100,1.07,light rain
648,Bontang,ID,0.1333,117.5,76.12,91,98,2.28,light rain
649,Namibe,AO,-15.1961,12.1522,82.4,74,40,16.11,scattered clouds
650,Svetlogorsk,BY,52.6333,29.7333,48.56,58,14,1.1,few clouds
651,Islamkot,PK,24.6997,70.177,85.23,24,0,14.76,clear sky
652,Betsiamites,CA,48.9413,-68.646,26.6,59,1,17.27,clear sky
653,Ahuimanu,US,21.4447,-157.8378,73.4,78,20,6.91,few clouds
654,Xuanhua,CN,40.6103,115.0447,54.21,22,69,16.49,broken clouds
655,Larsnes,NO,62.2028,5.5773,39.99,84,46,8.99,scattered clouds
656,Saint-Louis,SN,16.3333,-15.0,104.0,10,0,2.3,clear sky
657,Swan Hill,AU,-35.3378,143.5544,58.06,59,10,7.02,clear sky
658,Suoyarvi,RU,62.0833,32.35,32.22,97,74,4.12,broken clouds
659,Anadyr,RU,64.75,177.4833,-11.0,77,0,2.24,clear sky
660,Flagstaff,US,35.1981,-111.6513,37.99,64,1,20.71,clear sky
661,Evensk,RU,61.95,159.2333,-7.55,87,13,9.93,few clouds
662,Rabaul,PG,-4.1967,152.1721,79.25,78,93,5.46,overcast clouds
663,Melfort,CA,52.8667,-104.6177,23.0,68,32,3.44,scattered clouds
664,Dukat,RU,62.55,155.55,-18.36,98,87,3.24,overcast clouds
665,Port-Gentil,GA,-0.7193,8.7815,82.4,78,20,6.91,few clouds
666,Beira,MZ,-19.8436,34.8389,86.0,83,40,6.91,scattered clouds
667,Chapada Dos Guimaraes,BR,-15.4606,-55.7497,91.4,46,40,6.91,scattered clouds
668,Kaoma,ZM,-14.7833,24.8,67.96,86,100,3.51,overcast clouds
669,Port Blair,IN,11.6667,92.75,82.47,76,98,4.14,overcast clouds
670,Disna,BY,55.568,28.1971,48.07,68,83,6.8,broken clouds
671,Innisfail,AU,-17.5333,146.0333,74.8,92,44,4.0,light rain
672,Zherdevka,RU,51.8486,41.4606,33.35,98,100,8.43,overcast clouds
673,Karpathos,GR,35.507,27.2132,57.2,51,20,16.11,few clouds
674,Karratha,AU,-20.7377,116.8463,83.16,67,90,8.93,overcast clouds
675,Kabwe,ZM,-14.4469,28.4464,67.53,90,93,4.21,light rain
676,Zabid,YE,14.1951,43.3152,82.11,51,13,5.61,few clouds
677,Guatire,VE,10.4762,-66.5427,82.4,83,40,6.91,scattered clouds
678,La Rioja,ES,42.25,-2.5,62.6,45,0,4.61,clear sky
679,Torquay,GB,50.4638,-3.5143,52.0,75,85,8.01,overcast clouds
680,Puerto Del Rosario,ES,28.5004,-13.8627,77.0,44,40,12.66,scattered clouds
681,Saint-Georges,GD,12.0564,-61.7485,86.0,66,40,27.63,scattered clouds
682,Usakos,NA,-22.0,15.6,83.05,26,3,13.69,clear sky
683,Japura,ID,-0.3167,102.35,73.83,94,66,1.66,broken clouds
684,Vanimo,PG,-2.6741,141.3028,78.57,87,96,3.31,overcast clouds
685,Hangu,CN,39.2489,117.7892,52.0,100,75,2.24,mist
686,Bolshaya Glushitsa,RU,50.2406,43.5908,41.0,79,100,1.99,overcast clouds
