City_ID,City,Country,Lat,Lng,Max Temp,Humidity,Cloudiness,Wind Speed,Current Weather
0,Ilulissat,GL,69.2167,-51.1,-9.4,45,20,3.44,few clouds
1,Jamestown,US,42.097,-79.2353,62.6,39,1,8.61,clear sky
2,Albany,US,42.6001,-73.9662,57.0,45,76,6.17,broken clouds
3,Sola,VU,-13.8833,167.55,84.2,79,75,5.75,broken clouds
4,Puerto Ayora,EC,-0.7393,-90.3518,82.4,74,20,11.5,few clouds
5,Kruisfontein,ZA,-34.0033,24.7314,59.0,77,1,1.01,clear sky
6,Huejuquilla El Alto,MX,22.6,-103.8667,82.63,4,89,17.67,overcast clouds
7,Bozoum,CF,6.3193,16.3799,76.03,57,74,2.89,light rain
8,Freeport,US,40.6576,-73.5832,59.0,58,1,16.11,clear sky
9,Yulara,AU,-25.2406,130.9889,73.4,73,100,5.75,overcast clouds
10,Diapaga,BF,12.0708,1.7889,84.85,10,3,9.84,clear sky
11,Half Moon Bay,US,37.4636,-122.4286,69.8,45,1,6.91,clear sky
12,Vaini,TO,-21.2,-175.2,82.4,83,40,9.22,scattered clouds
13,Talnakh,RU,69.4865,88.3972,-2.47,98,74,1.41,broken clouds
14,Duiwelskloof,ZA,-23.6934,30.14,65.25,68,9,3.22,clear sky
15,Georgetown,MY,5.4112,100.3354,81.0,94,40,5.75,light rain
16,Ushuaia,AR,-54.8,-68.3,55.4,76,75,20.71,heavy intensity rain
17,Naze,JP,28.3667,129.4833,69.8,94,75,24.16,broken clouds
18,Codrington,AU,-38.2667,141.9667,56.25,80,77,6.38,broken clouds
19,Bredasdorp,ZA,-34.5322,20.0403,57.2,72,32,4.61,scattered clouds
20,Nikolskoye,RU,59.7035,30.7861,41.0,65,0,4.47,clear sky
21,Kayerkan,RU,69.3497,87.7602,-3.84,99,77,1.57,broken clouds
22,Tanete,ID,-3.9443,119.7848,75.11,94,100,3.53,overcast clouds
23,Tilichiki,RU,60.4667,166.1,7.0,85,100,12.88,overcast clouds
24,Barrow,US,71.2906,-156.7887,-14.8,84,1,4.61,clear sky
25,Punta Arenas,CL,-53.15,-70.9167,51.8,76,40,31.07,scattered clouds
26,Chicama,PE,-7.8447,-79.1469,73.4,78,0,9.22,clear sky
27,Kaupanger,NO,61.1845,7.2404,29.48,88,45,2.71,scattered clouds
28,Panguna,PG,-6.3164,155.4848,76.46,74,93,2.71,overcast clouds
29,Bethel,US,41.3712,-73.414,62.01,51,85,1.99,overcast clouds
30,Torbay,CA,47.6666,-52.7314,28.0,100,90,25.32,snow
31,Katsuura,JP,35.1333,140.3,62.01,69,100,8.01,overcast clouds
32,Rikitea,PF,-23.1203,-134.9692,79.65,70,2,18.92,clear sky
33,Hasaki,JP,35.7333,140.8333,59.0,72,75,12.66,broken clouds
34,Waddan,LY,29.1614,16.139,57.85,34,0,8.52,clear sky
35,Kalmunai,LK,7.4167,81.8167,78.06,80,83,1.19,broken clouds
36,Turukhansk,RU,65.8167,87.9833,-1.55,99,100,4.88,overcast clouds
37,Pavlodar,KZ,52.3,76.95,30.2,93,40,6.71,scattered clouds
38,Morris,US,40.8334,-74.5329,68.0,45,40,9.22,scattered clouds
39,Obzor,BG,42.8167,27.8833,39.2,81,0,4.61,clear sky
40,Nanortalik,GL,60.1432,-45.2371,13.87,61,99,16.58,overcast clouds
41,Lodja,CD,-3.4833,23.4333,74.8,76,98,2.44,overcast clouds
42,Hobart,AU,-42.8794,147.3294,57.2,67,75,9.22,broken clouds
43,Ajdabiya,LY,30.7554,20.2263,56.95,63,1,8.41,clear sky
44,Pahrump,US,36.2083,-115.9839,72.0,15,1,4.0,clear sky
45,Muravlenko,RU,63.7898,74.523,-4.81,96,64,10.2,broken clouds
46,Mount Isa,AU,-20.7333,139.5,78.8,29,44,14.97,scattered clouds
47,Cherskiy,RU,68.75,161.3,-6.9,88,33,4.76,scattered clouds
48,Pinega,RU,64.7001,43.3936,24.04,93,20,5.91,few clouds
49,Samarai,PG,-10.6167,150.6667,83.8,76,56,13.76,broken clouds
50,Batagay-Alyta,RU,67.8006,130.4114,-0.58,91,100,3.69,overcast clouds
51,Caravelas,BR,-17.7125,-39.2481,76.46,75,4,5.32,clear sky
52,Yellowknife,CA,62.456,-114.3525,26.01,58,40,14.97,scattered clouds
53,Palmer,US,42.1584,-72.3287,62.6,36,75,10.36,broken clouds
54,Boyolangu,ID,-8.1181,111.8935,74.97,91,99,2.86,overcast clouds
55,Saskylakh,RU,71.9167,114.0833,-15.61,100,100,0.83,overcast clouds
56,Hermanus,ZA,-34.4187,19.2345,59.0,77,6,1.01,clear sky
57,Russell,US,32.3502,-85.1999,84.2,54,20,9.22,few clouds
58,Shimoda,JP,34.6667,138.95,61.0,56,100,13.4,overcast clouds
59,Egvekinot,RU,66.3167,-179.1667,-8.73,93,65,2.3,broken clouds
60,Busselton,AU,-33.65,115.3333,52.0,86,0,8.01,clear sky
61,Virginia Beach,US,36.8529,-75.978,64.0,59,90,9.22,overcast clouds
62,Neiafu,TO,-18.65,-173.9833,84.2,79,40,11.5,scattered clouds
63,Severodvinsk,RU,64.5635,39.8302,26.6,80,0,4.47,clear sky
64,Maumere,ID,-8.6199,122.2111,79.86,82,99,4.68,overcast clouds
65,East London,ZA,-33.0153,27.9116,66.4,74,82,11.97,light rain
66,Faanui,PF,-16.4833,-151.75,82.53,73,35,21.14,scattered clouds
67,Serebryanyy Bor,RU,56.8,124.8,16.93,97,100,3.65,overcast clouds
68,Manerbio,IT,45.3558,10.1352,52.0,100,85,1.19,mist
69,Merauke,ID,-8.4667,140.3333,79.21,86,44,6.62,scattered clouds
70,Hilo,US,19.7297,-155.09,82.4,54,20,9.22,light rain
71,Kamina,CD,-8.7386,24.9906,62.78,96,15,1.41,few clouds
72,Thompson,CA,55.7435,-97.8558,21.2,58,75,10.36,broken clouds
73,Haines Junction,CA,60.7522,-137.5108,26.6,59,100,14.97,overcast clouds
74,Saint-Philippe,RE,-21.3585,55.7679,77.0,83,0,6.91,clear sky
75,Bilibino,RU,68.0546,166.4372,-10.35,92,22,2.59,few clouds
76,Sazonovo,RU,59.0919,35.2268,33.08,88,100,2.84,overcast clouds
77,Thanatpin,MM,17.2119,96.3033,78.8,94,31,4.61,scattered clouds
78,Chuy,UY,-33.6971,-53.4616,70.45,86,100,3.8,overcast clouds
79,Moose Factory,CA,51.2585,-80.6094,26.6,68,1,12.66,clear sky
80,Nagato,JP,34.3833,131.2,59.0,94,75,21.85,moderate rain
81,Vila Velha,BR,-20.3297,-40.2925,80.6,78,0,5.75,clear sky
82,Bouca,CF,6.5105,18.2733,77.97,63,95,4.74,overcast clouds
83,Launceston,AU,-41.45,147.1667,53.01,93,37,9.22,scattered clouds
84,Gamba,GA,-2.65,10.0,78.6,85,78,3.38,light rain
85,Asilah,MA,35.465,-6.0348,62.6,63,0,16.11,clear sky
86,Zhigansk,RU,66.7697,123.3711,2.39,98,93,4.45,overcast clouds
87,Port Alfred,ZA,-33.5906,26.891,64.6,70,50,11.45,scattered clouds
88,Svetlyy,RU,54.675,20.1347,39.99,93,40,8.95,scattered clouds
89,Arraial Do Cabo,BR,-22.9661,-42.0278,80.6,78,0,12.66,clear sky
90,Upernavik,GL,72.7868,-56.1549,-27.62,91,17,5.06,few clouds
91,Saint-Francois,FR,46.4154,3.9054,37.99,81,0,2.3,clear sky
92,Olga,RU,43.7444,135.2892,39.36,86,100,3.06,overcast clouds
93,Tutoia,BR,-2.7619,-42.2744,77.04,85,99,9.86,light rain
94,Xingcheng,CN,40.6167,120.7167,40.19,95,55,9.35,broken clouds
95,Salalah,OM,17.0151,54.0924,78.8,50,0,3.44,clear sky
96,Cartagena,CO,10.3997,-75.5144,87.8,58,40,16.11,scattered clouds
97,Longyearbyen,SJ,78.2186,15.6401,24.8,86,90,28.77,snow
98,Ribeira Grande,PT,38.5167,-28.7,60.8,88,75,9.22,broken clouds
99,Coihaique,CL,-45.5752,-72.0662,62.6,59,75,6.91,broken clouds
100,Bluff,NZ,-46.6,168.3333,57.99,93,100,4.0,overcast clouds
101,Ostrovnoy,RU,68.0531,39.5131,31.59,86,92,24.02,overcast clouds
102,Gushikawa,JP,26.3544,127.8686,73.4,83,75,13.8,broken clouds
103,Gbadolite,CD,4.2833,21.0167,73.29,79,40,2.73,scattered clouds
104,Dikson,RU,73.5069,80.5464,-20.04,100,98,8.08,overcast clouds
105,Mehamn,NO,71.0357,27.8492,33.84,87,100,12.28,overcast clouds
106,Mataura,NZ,-46.1927,168.8643,57.99,94,98,3.0,overcast clouds
107,Mayo,US,38.8876,-76.5119,62.6,59,1,14.97,clear sky
108,Lompoc,US,34.6391,-120.4579,72.0,42,0,14.97,clear sky
109,Cabras,IT,39.93,8.5314,51.44,78,6,4.59,clear sky
110,Taoudenni,ML,22.6783,-3.9836,81.72,8,6,12.44,clear sky
111,Kavieng,PG,-2.5744,150.7967,83.08,75,100,14.76,overcast clouds
112,Les Trois-Ilets,MQ,14.539,-61.0361,80.6,69,40,14.97,scattered clouds
113,Ino,JP,33.55,133.4333,59.0,88,75,2.3,moderate rain
114,Riyadh,SA,24.6877,46.7219,77.0,18,50,19.57,dust
115,Dingle,PH,10.9995,122.6711,75.11,90,94,6.82,overcast clouds
116,Sorong,ID,-0.8833,131.25,78.78,84,100,9.17,overcast clouds
117,Parkes,AU,-33.1333,148.1833,62.19,63,0,3.29,clear sky
118,Dalbandin,PK,28.8947,64.4101,76.3,28,27,4.59,scattered clouds
119,Tucuman,AR,-26.8241,-65.2226,71.6,60,75,6.91,broken clouds
120,Kapaa,US,22.0752,-159.319,78.8,73,20,14.97,few clouds
121,Iqaluit,CA,63.7506,-68.5145,-7.01,71,75,2.3,broken clouds
122,Shenjiamen,CN,29.9576,122.298,55.85,96,100,5.48,light rain
123,Atuona,PF,-9.8,-139.0333,80.78,79,61,19.93,light rain
124,Pemangkat,ID,1.1667,108.9667,76.68,91,100,4.23,overcast clouds
125,Chabahar,IR,25.2919,60.643,77.09,79,100,8.16,overcast clouds
126,Kenai,US,60.5544,-151.2583,30.2,37,90,12.66,overcast clouds
127,Palembang,ID,-2.9167,104.7458,73.56,97,64,3.33,broken clouds
128,Butaritari,KI,3.0707,172.7902,81.66,78,93,14.34,light rain
129,Verkhovazhye,RU,60.7472,42.0465,27.16,96,63,3.74,broken clouds
130,Hambantota,LK,6.1241,81.1185,77.13,79,83,5.37,broken clouds
131,Hamilton,US,39.1834,-84.5333,73.99,43,1,10.36,clear sky
132,Villa Carlos Paz,AR,-31.4241,-64.4978,68.0,45,0,12.66,clear sky
133,Sitka,US,57.0531,-135.33,35.6,80,90,3.44,light rain
134,Khatanga,RU,71.9667,102.5,0.0,97,99,7.7,overcast clouds
135,Pyinmana,MM,19.7333,96.2167,75.38,37,31,2.84,scattered clouds
136,Sambava,MG,-14.2667,50.1667,75.45,88,100,6.67,light rain
137,Laguna,US,38.421,-121.4238,75.0,24,1,4.61,clear sky
138,Fortuna,US,40.5982,-124.1573,64.99,77,1,13.8,clear sky
139,Beitbridge,ZW,-22.2167,30.0,74.88,38,4,8.21,clear sky
140,Wanning,CN,18.8003,110.3967,73.06,95,91,6.35,overcast clouds
141,Vuktyl,RU,63.8567,57.3094,10.4,98,55,3.27,broken clouds
142,Noumea,NC,-22.2763,166.4572,82.4,69,0,3.44,clear sky
143,Sackville,CA,45.9188,-64.3846,28.4,93,100,12.66,overcast clouds
144,Krasnotorka,UA,48.682,37.5327,40.05,91,100,5.3,light rain
145,Gat,IL,31.61,34.7642,55.0,100,8,3.0,clear sky
146,Port Hardy,CA,50.6996,-127.4199,50.0,66,90,14.97,moderate rain
147,Hovd,MN,48.0056,91.6419,26.46,30,7,1.88,clear sky
148,Airai,TL,-8.9266,125.4092,59.81,92,100,2.57,moderate rain
149,Kahului,US,20.8947,-156.47,78.8,65,40,20.71,scattered clouds
150,Antibes,FR,43.5624,7.1278,57.2,88,75,11.5,broken clouds
151,Beringovskiy,RU,63.05,179.3167,3.0,91,100,8.86,overcast clouds
152,Massaguet,TD,12.4755,15.4365,81.1,13,2,18.37,clear sky
153,Moindou,NC,-21.6924,165.677,82.4,69,0,3.44,clear sky
154,Tabas,IR,33.5959,56.9244,73.11,23,2,7.16,clear sky
155,Alekseyevsk,RU,57.8406,108.3492,6.91,98,91,3.53,overcast clouds
156,Havoysund,NO,70.9963,24.6622,37.4,75,90,10.36,light rain
157,Ancud,CL,-41.8697,-73.8203,62.6,63,0,5.75,clear sky
158,Vestmanna,FO,62.1564,-7.1664,41.0,100,90,32.21,overcast clouds
159,Qaanaaq,GL,77.484,-69.3632,-10.19,85,100,5.08,overcast clouds
160,Byron Bay,AU,-28.65,153.6167,70.0,88,0,6.87,clear sky
161,Atocha,BO,-20.9333,-66.2333,59.54,33,54,14.03,broken clouds
162,Castro,BR,-24.7911,-50.0119,66.97,87,91,4.7,overcast clouds
163,Namibe,AO,-15.1961,12.1522,74.8,77,100,4.99,overcast clouds
164,Vieux-Habitants,GP,16.0589,-61.7659,80.6,65,75,13.8,broken clouds
165,Ponta Do Sol,PT,32.6667,-17.1,64.4,88,75,16.11,broken clouds
166,New Norfolk,AU,-42.7826,147.0587,55.99,89,100,3.6,overcast clouds
167,Victoria,HK,22.2855,114.1577,73.99,88,13,3.94,few clouds
168,Anadyr,RU,64.75,177.4833,-2.0,71,0,6.71,clear sky
169,Takoradi,GH,4.8845,-1.7554,79.29,85,85,4.27,overcast clouds
170,La Asuncion,VE,11.0333,-63.8628,76.75,83,100,17.13,overcast clouds
171,Phan Thiet,VN,10.9333,108.1,73.33,89,33,7.11,scattered clouds
172,Tuatapere,NZ,-46.1333,167.6833,57.99,93,100,4.0,overcast clouds
173,Seoul,KR,37.5683,126.9778,50.0,93,90,14.97,mist
174,Ystad,SE,55.4297,13.8204,39.2,87,40,11.5,scattered clouds
175,Leningradskiy,RU,69.3833,178.4167,-7.91,88,38,7.99,scattered clouds
176,Puerto Madryn,AR,-42.7692,-65.0385,68.49,34,76,27.58,broken clouds
177,Ferma,RU,57.9016,56.3064,21.2,68,0,4.38,clear sky
178,Tasiilaq,GL,65.6145,-37.6368,17.6,53,90,20.71,overcast clouds
179,Banda Aceh,ID,5.5577,95.3222,79.48,76,79,4.27,broken clouds
180,Lagoa,PT,39.05,-27.9833,59.25,89,27,11.27,scattered clouds
181,Fort Morgan,US,40.2503,-103.8,51.8,20,40,24.16,scattered clouds
182,Talakan,RU,50.3167,130.3667,31.6,91,100,6.26,overcast clouds
183,Port Macquarie,AU,-31.4333,152.9167,66.99,80,4,4.0,clear sky
184,Kingaroy,AU,-26.5333,151.8333,72.0,94,0,0.76,clear sky
185,Bereda,ES,43.2686,-7.5406,46.0,97,4,3.0,clear sky
186,Brazzaville,CG,-4.2658,15.2832,77.0,78,40,11.5,light rain
187,Finschhafen,PG,-6.6024,147.8681,81.63,79,99,10.25,light rain
188,Pimentel,PE,-6.8367,-79.9342,80.6,54,0,18.41,clear sky
189,Boulder City,US,35.9786,-114.8325,73.0,15,1,12.66,clear sky
190,Tupancireta,BR,-29.0806,-53.8358,64.85,98,100,3.85,light rain
191,Isangel,VU,-19.55,169.2667,80.6,78,20,7.85,few clouds
192,Hithadhoo,MV,-0.6,73.0833,83.88,72,100,15.61,overcast clouds
193,Waipawa,NZ,-41.4122,175.5153,68.0,64,75,20.71,broken clouds
194,Sao Jose Da Coroa Grande,BR,-8.8978,-35.1478,77.36,84,92,6.69,overcast clouds
195,Arroyo,ES,41.6096,-4.7969,48.0,70,0,4.61,clear sky
196,Esperance,AU,-33.8667,121.9,57.2,94,40,6.91,scattered clouds
197,Parrita,CR,9.5201,-84.3225,82.4,50,20,14.97,few clouds
198,Camacha,PT,33.0833,-16.3333,64.4,88,40,21.85,scattered clouds
199,Nizwa,OM,22.9333,57.5333,77.32,33,14,2.19,few clouds
200,Jedrzejow,PL,50.6394,20.3045,46.0,66,99,8.01,light rain
201,Clyde River,CA,70.4692,-68.5914,-0.4,71,75,2.3,broken clouds
202,Buchanan,LR,5.8808,-10.0467,78.8,94,40,5.21,scattered clouds
203,College,US,64.8569,-147.8028,25.0,68,90,6.91,light snow
204,Terney,RU,45.0503,136.6092,36.99,93,99,1.83,overcast clouds
205,Port Pirie,AU,-33.1833,138.0167,55.4,88,75,3.44,broken clouds
206,Tomatlan,MX,19.9333,-105.25,85.91,32,87,9.24,overcast clouds
207,San Patricio,US,28.017,-97.5169,86.0,62,40,20.71,scattered clouds
208,Luderitz,NA,-26.6481,15.1594,64.94,71,0,16.64,clear sky
209,La Ronge,CA,55.1001,-105.2842,26.6,50,98,6.91,overcast clouds
210,Malakal,SS,9.5334,31.6605,86.97,26,48,0.87,scattered clouds
211,Beidao,CN,34.5686,105.8933,50.86,69,0,4.27,clear sky
212,Mar Del Plata,AR,-38.0023,-57.5575,61.0,94,90,23.02,moderate rain
213,Prizren,XK,42.2139,20.7397,41.0,65,0,4.61,clear sky
214,Norman Wells,CA,65.282,-126.8329,10.4,79,90,10.36,light snow
215,Chongwe,ZM,-15.3292,28.682,63.79,94,100,2.66,light rain
216,Saldanha,ZA,-33.0117,17.9442,59.0,72,0,5.75,clear sky
217,Mitsamiouli,KM,-11.3847,43.2844,82.26,71,83,1.54,broken clouds
218,Cap Malheureux,MU,-19.9842,57.6142,78.01,82,97,3.0,overcast clouds
219,Pocao De Pedras,BR,-4.6667,-44.85,74.68,94,98,2.1,moderate rain
220,Mercedes,AR,-34.6515,-59.4307,66.0,84,79,1.99,broken clouds
221,Tabou,CI,4.423,-7.3528,78.21,87,9,4.56,clear sky
222,Kovylkino,RU,54.0388,43.9139,31.73,91,100,7.45,overcast clouds
223,Chokurdakh,RU,70.6333,147.9167,-1.41,89,100,5.75,overcast clouds
224,Veraval,IN,20.9,70.3667,79.14,52,20,12.15,few clouds
225,Trelew,AR,-43.249,-65.3051,71.94,22,100,19.06,overcast clouds
226,Idritsa,RU,56.3316,28.8988,37.67,89,84,7.49,broken clouds
227,Ayan,RU,56.45,138.1667,12.11,89,100,3.91,overcast clouds
228,Kupang,ID,-10.1667,123.5833,78.8,100,40,4.61,scattered clouds
229,Eureka,US,40.8021,-124.1637,68.0,58,7,3.0,clear sky
230,San Cristobal,VE,7.7669,-72.225,75.2,94,75,5.75,fog
231,Vardo,NO,70.3705,31.1107,36.97,93,100,22.21,overcast clouds
232,Tourlaville,FR,49.6383,-1.5664,50.0,93,75,5.75,broken clouds
233,Praia Da Vitoria,PT,38.7333,-27.0667,60.8,88,75,3.76,broken clouds
234,Cape Town,ZA,-33.9258,18.4232,63.0,59,0,13.8,clear sky
235,Ust-Kan,RU,50.9276,84.761,22.14,94,87,4.79,overcast clouds
236,Sandakan,MY,5.8402,118.1179,77.0,94,20,3.44,few clouds
237,Auki,SB,-8.7676,160.7034,83.1,72,67,4.54,broken clouds
238,Carnarvon,AU,-24.8667,113.6333,71.6,88,40,7.72,scattered clouds
239,Mount Hagen,PG,-5.8581,144.2274,61.95,95,100,2.35,overcast clouds
240,Carutapera,BR,-1.195,-46.02,74.25,93,72,6.11,broken clouds
241,Sao Miguel Do Araguaia,BR,-13.275,-50.1628,77.79,64,52,2.66,broken clouds
242,Karratha,AU,-20.7377,116.8463,81.59,69,98,7.99,overcast clouds
243,Mnogovershinnyy,RU,53.9353,139.9242,20.48,95,83,3.44,broken clouds
244,Fairbanks,US,64.8378,-147.7164,25.0,74,90,6.91,overcast clouds
245,Praia,CV,14.9215,-23.5087,68.0,73,20,21.85,few clouds
246,Maputo,MZ,-25.9653,32.5892,75.2,78,75,16.11,broken clouds
247,Lebu,CL,-37.6167,-73.65,57.99,80,18,18.92,few clouds
248,Souillac,MU,-20.5167,57.5167,75.2,88,75,6.91,broken clouds
249,Milkovo,RU,54.7167,158.6167,20.21,87,100,4.45,light snow
250,Tabuk,PH,17.4189,121.4443,71.24,92,41,3.47,scattered clouds
251,Emborion,GR,40.4833,21.55,39.2,56,40,2.13,scattered clouds
252,Kaitangata,NZ,-46.2817,169.8464,62.38,66,100,2.19,overcast clouds
253,Sarakhs,IR,36.5449,61.1577,57.2,94,72,9.22,broken clouds
254,Port Lincoln,AU,-34.7333,135.8667,59.36,75,27,3.15,scattered clouds
255,Kralendijk,BQ,12.15,-68.2667,82.4,69,40,20.71,scattered clouds
256,Ust-Kuyga,RU,70.0167,135.6,-0.63,99,100,3.89,overcast clouds
257,Khotyn,UA,48.4833,26.5,41.0,72,20,4.88,few clouds
258,Vangaindrano,MG,-23.35,47.6,73.49,93,4,3.22,light rain
259,Dhidhdhoo,MV,6.8833,73.1,83.46,73,91,10.25,overcast clouds
260,Constitucion,CL,-35.3333,-72.4167,64.99,59,58,13.33,broken clouds
261,Port Elizabeth,ZA,-33.918,25.5701,60.8,72,40,11.5,scattered clouds
262,Dunedin,NZ,-45.8742,170.5036,62.01,81,100,10.0,overcast clouds
263,Provideniya,RU,64.3833,-173.3,0.73,95,100,5.01,overcast clouds
264,Saint-Denis,FR,48.9167,2.3333,50.0,62,0,4.61,clear sky
265,Rio Grande,BR,-32.035,-52.0986,73.99,91,100,6.42,moderate rain
266,Tautira,PF,-17.7333,-149.15,86.0,66,40,10.36,light rain
267,Quebec,CA,46.8123,-71.2145,32.0,79,60,8.05,broken clouds
268,Tiksi,RU,71.6872,128.8694,5.95,97,100,3.67,overcast clouds
269,Los Llanos De Aridane,ES,28.6585,-17.9182,66.2,72,20,12.06,few clouds
270,Hofn,IS,64.2539,-15.2082,31.35,97,100,28.63,snow
271,Kodiak,US,57.79,-152.4072,33.8,51,90,23.02,overcast clouds
272,El Tigre,VE,8.8875,-64.2454,83.86,49,78,14.43,broken clouds
273,Saint-Leu,RE,-21.15,55.2833,77.0,83,0,6.91,clear sky
274,Galveston,US,29.3669,-94.9669,82.0,83,90,16.11,haze
275,Porbandar,IN,21.6422,69.6093,78.42,62,15,8.55,few clouds
276,Ordynskoye,RU,54.3656,81.8994,32.56,97,100,12.33,overcast clouds
277,Bourail,NC,-21.5667,165.4833,82.87,63,0,1.25,clear sky
278,Puerto Escondido,MX,15.85,-97.0667,86.0,74,1,8.05,clear sky
279,Williams Lake,CA,52.1415,-122.1445,55.0,53,75,16.11,broken clouds
280,Nishihara,JP,26.1842,127.7558,73.4,88,75,14.97,broken clouds
281,Raymond,US,43.9015,-70.4703,46.99,72,93,3.0,overcast clouds
282,Itacurubi Del Rosario,PY,-24.5,-56.6833,73.76,94,84,9.01,light rain
283,Petropavlovsk-Kamchatskiy,RU,53.0452,158.6483,28.4,46,98,26.84,overcast clouds
284,Saint-Georges,GD,12.0564,-61.7485,82.4,69,40,11.5,scattered clouds
285,Ambulu,ID,-8.345,113.6058,74.97,90,71,2.71,broken clouds
286,Platanos,GR,37.6667,21.6167,44.6,87,20,3.8,few clouds
287,Tuktoyaktuk,CA,69.4541,-133.0374,-14.8,76,40,4.61,scattered clouds
288,Srinagar,IN,34.0833,74.8167,53.78,68,93,2.82,overcast clouds
289,Plettenberg Bay,ZA,-34.0527,23.3716,60.75,73,84,3.31,broken clouds
290,Baherden,TM,38.4362,57.4316,59.13,43,65,12.86,broken clouds
291,Vostok,RU,46.4856,135.8833,33.1,98,81,3.91,broken clouds
292,Date,JP,42.4681,140.8681,38.05,83,100,6.06,overcast clouds
293,Beeville,US,28.4008,-97.7483,88.0,66,1,12.66,clear sky
294,San Ramon,US,37.7799,-121.978,78.01,18,1,8.05,clear sky
295,Kerman,IR,30.2832,57.0788,66.2,20,0,4.61,clear sky
296,Arenys De Mar,ES,41.5819,2.5494,55.0,79,8,1.99,clear sky
297,Dejen,ET,10.1667,38.1333,58.78,29,13,1.81,few clouds
298,Padang,ID,-0.9492,100.3543,78.8,94,90,3.44,overcast clouds
299,Marawi,PH,7.9986,124.2928,73.99,90,82,5.01,broken clouds
300,Sapatgram,IN,26.3334,90.109,68.58,24,0,2.84,clear sky
301,Nome,US,64.5011,-165.4064,7.0,71,1,0.65,clear sky
302,Bentiu,SS,9.2333,29.8333,86.34,27,2,4.76,clear sky
303,Huntingdon,GB,52.3305,-0.1865,48.0,77,100,8.99,overcast clouds
304,Necochea,AR,-38.5473,-58.7368,61.0,80,63,5.99,broken clouds
305,Erenhot,CN,43.6475,111.9767,30.22,42,4,22.21,clear sky
306,Lata,PT,40.1629,-8.3327,54.0,87,22,3.44,few clouds
307,Helong,CN,42.5397,128.9972,39.96,96,100,3.31,light rain
308,Beira,MZ,-19.8436,34.8389,78.8,94,20,5.75,few clouds
309,Ariquemes,BR,-9.9133,-63.0408,76.24,93,34,2.77,scattered clouds
310,Avarua,CK,-21.2078,-159.775,84.2,74,75,20.71,broken clouds
311,Pisco,PE,-13.7,-76.2167,73.4,68,0,10.36,clear sky
312,Itoman,JP,26.1247,127.6694,73.4,88,75,17.27,broken clouds
313,Tambaram,IN,12.9299,80.1118,77.0,88,40,2.3,mist
314,Palana,RU,59.1167,159.9667,1.92,86,100,5.99,overcast clouds
315,Okhotsk,RU,59.3833,143.3,3.51,91,98,4.76,overcast clouds
316,Torquay,GB,50.4638,-3.5143,50.0,85,100,11.01,overcast clouds
317,Manggar,ID,-2.8833,108.2667,78.78,83,66,3.4,broken clouds
318,Union De San Antonio,MX,21.1,-101.9667,86.0,10,75,11.5,broken clouds
319,Sao Joao Da Barra,BR,-21.6403,-41.0511,82.4,65,0,9.22,clear sky
320,Tarko-Sale,RU,64.9225,77.785,-3.35,97,41,10.92,scattered clouds
321,Strezhevoy,RU,60.7333,77.5889,23.0,86,90,8.95,light snow
322,Bathsheba,BB,13.2167,-59.5167,80.6,57,75,19.57,broken clouds
323,Coahuayana,MX,18.7333,-103.6833,82.4,44,1,11.5,clear sky
324,Gravelbourg,CA,49.8834,-106.5512,41.0,38,2,12.66,clear sky
325,Ginir,ET,7.1333,40.7,60.64,35,100,5.37,overcast clouds
326,Guerrero Negro,MX,27.9769,-114.0611,72.19,33,0,15.43,clear sky
327,Paamiut,GL,61.994,-49.6678,2.03,76,5,28.52,clear sky
328,Makakilo City,US,21.3469,-158.0858,82.4,51,1,12.66,clear sky
329,Zharkent,KZ,44.1628,80.0,55.26,41,100,7.05,overcast clouds
330,Faya,SA,18.3851,42.4509,62.6,51,0,2.28,clear sky
331,Flin Flon,CA,54.7682,-101.865,28.4,37,40,12.66,scattered clouds
332,Smithers,CA,54.7804,-127.1743,39.2,87,90,13.8,light rain
333,Bengkulu,ID,-3.8004,102.2655,74.75,86,100,4.41,overcast clouds
334,Ishigaki,JP,24.3448,124.1572,73.4,100,75,9.22,broken clouds
335,Olot,ES,42.181,2.4901,51.01,93,69,2.86,broken clouds
336,Rawson,AR,-43.3002,-65.1023,69.91,30,99,21.03,overcast clouds
337,Havre-Saint-Pierre,CA,50.2334,-63.5986,32.0,32,1,11.5,clear sky
338,Saint-Augustin,CA,51.226,-58.6502,18.63,76,69,10.47,broken clouds
339,Ahipara,NZ,-35.1667,173.1667,65.88,91,100,12.48,overcast clouds
340,Touros,BR,-5.1989,-35.4608,78.8,89,75,4.61,broken clouds
341,Meybod,IR,32.2501,54.0166,75.2,16,0,9.22,clear sky
342,Chingirlau,KZ,51.095,54.0814,32.68,99,100,5.01,overcast clouds
343,Guozhen,CN,34.3659,107.359,56.5,49,0,3.83,clear sky
344,Nhulunbuy,AU,-12.2333,136.7667,77.0,100,75,11.5,broken clouds
345,Aktau,KZ,43.65,51.2,39.2,75,40,15.66,scattered clouds
346,Chik,RU,54.9928,82.4311,33.8,93,90,8.95,light intensity drizzle
347,Shahpura,IN,27.3833,75.9667,77.0,33,0,4.61,haze
348,Waverley,ZA,-25.7023,28.2591,66.99,67,5,4.61,clear sky
349,Brae,GB,60.3964,-1.353,42.8,81,75,25.32,broken clouds
350,Fuerte Olimpo,PY,-21.0415,-57.8738,82.87,64,98,8.52,overcast clouds
351,Muros,ES,42.7762,-9.0603,53.01,81,0,6.87,clear sky
352,Loveland,US,40.3978,-105.075,54.0,28,1,21.85,clear sky
353,San Francisco,US,37.7749,-122.4194,71.01,55,1,4.61,clear sky
354,Te Anau,NZ,-45.4167,167.7167,57.43,96,100,1.34,moderate rain
355,Herat,AF,34.5,62.0,68.29,38,48,2.84,scattered clouds
356,Madimba,TZ,-10.4,40.3333,73.4,94,75,16.11,light rain
357,Shelburne,CA,44.0787,-80.2041,46.0,80,87,5.28,overcast clouds
358,Cabo San Lucas,MX,22.8909,-109.9124,77.0,43,20,8.05,few clouds
359,Great Bend,US,38.3645,-98.7648,62.01,44,20,20.71,few clouds
360,Henties Bay,NA,-22.116,14.2845,62.01,93,4,1.99,clear sky
361,Labrea,BR,-7.2586,-64.7981,77.07,94,57,4.21,moderate rain
362,Anito,PH,12.4497,125.2886,77.54,88,95,6.6,overcast clouds
363,Snyder,US,32.7179,-100.9176,75.2,19,1,14.97,clear sky
364,Syava,RU,58.0146,46.3222,26.29,97,100,4.25,overcast clouds
365,San Felipe,VE,10.3399,-68.7425,74.53,78,100,7.29,overcast clouds
366,Oktyabrskoye,RU,43.0645,44.7417,42.8,70,99,6.71,light intensity drizzle
367,Bambous Virieux,MU,-20.3428,57.7575,78.01,88,75,6.91,broken clouds
368,Meadow Lake,US,34.8014,-106.5436,62.01,21,20,13.8,few clouds
369,Gibara,CU,21.1097,-76.1317,87.8,45,20,23.02,few clouds
370,Spassk,RU,52.747,87.7545,32.74,99,100,2.35,overcast clouds
371,Coquimbo,CL,-29.9533,-71.3436,62.6,72,0,11.5,clear sky
372,Staroleushkovskaya,RU,45.9906,39.7631,41.0,77,98,12.86,overcast clouds
373,Xuddur,SO,4.1213,43.8894,75.69,64,100,15.01,overcast clouds
374,Edd,ER,13.9297,41.6925,77.85,72,2,4.27,clear sky
375,Hami,CN,42.8,93.45,52.83,55,100,8.03,overcast clouds
376,Moctezuma,MX,29.8,-109.6667,73.81,15,1,13.2,clear sky
377,Northallerton,GB,54.339,-1.4324,48.2,66,75,13.8,broken clouds
378,Turan,VN,16.0678,108.2208,75.2,94,20,9.13,few clouds
379,Malchin,DE,53.7333,12.7833,41.0,75,20,11.5,few clouds
380,Tondano,ID,1.3038,124.9112,77.0,94,40,3.44,light rain
381,Cidreira,BR,-30.1811,-50.2056,74.86,83,100,4.7,overcast clouds
382,Saint George,US,37.1041,-113.5841,68.0,20,1,3.44,clear sky
383,Broome,US,42.2506,-75.833,57.99,58,1,5.75,clear sky
384,Baruun-Urt,MN,46.6806,113.2792,28.08,58,100,27.07,light snow
385,Voloshka,RU,61.3314,40.0858,22.28,98,59,2.82,broken clouds
386,Kentau,KZ,43.5206,68.5094,48.2,77,30,1.95,scattered clouds
387,Chopda,IN,21.25,75.3,82.98,15,0,2.39,clear sky
388,Sandpoint,US,48.2766,-116.5533,51.01,50,90,4.61,overcast clouds
389,Tucuma,BR,-0.1833,-50.05,75.99,91,50,5.97,scattered clouds
390,Sinnamary,GF,5.3833,-52.95,77.22,86,86,12.19,light rain
391,Husavik,IS,66.0449,-17.3389,19.4,68,90,12.66,snow
392,Jambi,ID,-1.6,103.6167,72.61,97,86,2.82,overcast clouds
393,Tual,ID,-5.6667,132.75,81.34,80,100,12.84,light rain
394,Evensk,RU,61.95,159.2333,0.54,83,6,6.91,clear sky
395,San Policarpo,PH,12.1791,125.5072,79.95,81,84,9.53,broken clouds
396,Heinola,FI,61.2056,26.0381,37.0,93,0,5.75,clear sky
397,Solnechnyy,RU,50.7214,136.6319,28.13,93,89,0.34,overcast clouds
398,Kristianstad,SE,56.0313,14.1524,39.2,87,20,10.36,few clouds
399,Cayenne,GF,4.9333,-52.3333,81.0,83,75,9.22,broken clouds
400,Hit,IQ,33.6416,42.8251,53.96,26,0,8.37,clear sky
401,Broken Hill,AU,-31.95,141.4333,53.6,71,13,5.75,few clouds
402,Muncar,ID,-8.4333,114.3333,75.56,89,59,1.88,broken clouds
403,Minamata,JP,32.2167,130.4,59.0,100,75,5.75,fog
404,Onguday,RU,50.75,86.15,26.49,93,73,3.53,broken clouds
405,Alofi,NU,-19.0595,-169.9187,78.8,94,15,8.05,light rain
406,Santa Isabel,BR,-23.3156,-46.2214,80.6,61,20,3.44,moderate rain
407,Bend,US,44.0582,-121.3153,66.2,15,1,3.44,clear sky
408,Korzhevskiy,RU,45.1941,37.7195,46.4,87,100,11.18,overcast clouds
409,Soligalich,RU,59.0778,42.2864,31.6,85,100,3.27,snow
410,Ugoofaaru,MV,5.6667,73.0,81.99,76,100,13.2,overcast clouds
411,Northam,GB,51.0333,-4.2167,50.0,84,91,17.0,overcast clouds
412,Labuhan,ID,-6.8844,112.2051,77.97,87,8,4.23,clear sky
413,Tshikapa,CD,-6.4167,20.8,68.32,95,71,1.9,broken clouds
414,Klaksvik,FO,62.2266,-6.589,41.0,93,90,29.93,overcast clouds
415,Port Townsend,US,48.117,-122.7605,54.0,76,20,6.91,few clouds
416,Hay River,CA,60.8156,-115.7999,35.6,30,100,13.8,overcast clouds
417,Kyrylivka,UA,46.3759,35.3675,43.09,82,99,10.16,overcast clouds
418,Kota,IN,25.1833,75.8333,80.76,16,0,5.17,clear sky
419,Shahreza,IR,32.0339,51.8794,56.57,32,1,22.26,clear sky
420,Olovyannaya,RU,50.95,115.5667,28.58,93,100,24.11,light snow
421,Santiago,CL,-33.4569,-70.6483,86.0,14,0,5.75,clear sky
422,Tessalit,ML,20.1986,1.0114,71.92,8,0,15.64,clear sky
423,Mikhaylovka,RU,50.06,43.2379,35.78,97,100,7.34,overcast clouds
424,Jackson,US,42.4165,-122.8345,69.01,42,1,2.08,clear sky
425,Roald,NO,62.5833,6.1333,37.0,93,75,3.44,broken clouds
426,Soure,BR,-0.7167,-48.5233,77.02,86,68,8.1,broken clouds
427,Miranda,CO,3.2499,-76.2281,82.4,57,75,10.36,moderate rain
428,Port Hedland,AU,-20.3167,118.5667,78.8,94,24,4.61,few clouds
429,Inhambane,MZ,-23.865,35.3833,71.26,92,2,6.93,clear sky
430,Englewood,US,39.6478,-104.9878,53.01,31,40,8.05,scattered clouds
431,Ahuimanu,US,21.4447,-157.8378,80.6,50,40,16.11,scattered clouds
432,Harlingen,US,26.1906,-97.6961,91.4,52,1,23.02,clear sky
433,Pangody,RU,65.85,74.4859,-9.02,99,15,8.5,few clouds
434,Kitob,UZ,39.0843,66.8332,53.6,94,75,4.61,broken clouds
435,Nisia Floresta,BR,-6.0911,-35.2086,80.6,83,75,8.05,broken clouds
436,Puerto Carreno,CO,6.189,-67.4859,87.06,50,97,6.22,overcast clouds
437,Puerto Del Rosario,ES,28.5004,-13.8627,66.2,77,20,6.91,few clouds
438,Grand Forks,US,47.9417,-97.4337,46.4,25,90,13.8,overcast clouds
439,Ust-Maya,RU,60.4167,134.5333,22.91,96,100,1.48,light snow
440,Shache,CN,38.4167,77.2406,54.05,40,63,9.8,broken clouds
441,Udachnyy,RU,66.4167,112.4,-11.38,100,97,3.2,overcast clouds
442,Lavrentiya,RU,65.5833,-171.0,-3.95,82,14,1.59,few clouds
443,Carbondale,US,37.7273,-89.2168,78.8,47,1,18.41,clear sky
444,Puteyets,RU,65.1716,57.091,20.34,91,94,7.0,overcast clouds
445,Saint Anthony,US,45.0205,-93.218,42.8,87,90,11.5,moderate rain
446,Mahebourg,MU,-20.4081,57.7,75.2,88,75,6.91,broken clouds
447,Deputatskiy,RU,69.3,139.9,-0.89,97,99,1.68,overcast clouds
448,Pandharpur,IN,17.6667,75.3333,83.12,17,13,8.21,few clouds
449,Novyy Urengoy,RU,66.0833,76.6333,-5.17,98,69,10.83,broken clouds
450,Leh,IN,34.1667,77.5833,37.04,52,86,6.2,overcast clouds
451,Narsaq,GL,60.9167,-46.05,10.4,40,75,3.44,broken clouds
452,Baltasi,RU,56.3462,50.2062,25.56,93,100,10.58,overcast clouds
453,Grottammare,IT,42.9888,13.8649,54.0,66,21,3.0,few clouds
454,Moyale,KE,3.5167,39.0584,71.44,40,100,4.09,overcast clouds
455,Iwanai,JP,42.9744,140.5089,38.66,81,100,8.3,overcast clouds
456,Lakes Entrance,AU,-37.8811,147.981,52.0,97,82,6.35,broken clouds
457,Bambanglipuro,ID,-7.95,110.2833,76.23,88,76,3.33,broken clouds
458,Vestmannaeyjar,IS,63.4427,-20.2734,37.6,89,91,23.35,light rain
459,Melipilla,CL,-33.7,-71.2167,86.0,82,0,11.5,clear sky
460,Trincomalee,LK,8.5711,81.2335,79.9,81,73,3.58,broken clouds
461,Sur,OM,22.5667,59.5289,81.54,45,71,9.31,broken clouds
462,Sorrento,IT,40.626,14.3744,51.8,87,20,4.61,few clouds
463,Luanda,AO,-8.8368,13.2343,78.8,89,20,8.05,few clouds
464,Kharsawan,IN,22.8,85.8333,75.97,44,0,3.0,clear sky
465,Vao,NC,-22.6667,167.4833,77.86,79,14,13.22,few clouds
466,Kurilsk,RU,45.2333,147.8833,33.31,66,99,4.7,overcast clouds
467,Honningsvag,NO,70.9821,25.9704,37.56,86,100,15.99,light rain
468,Boa Vista,BR,2.8197,-60.6733,87.8,51,75,8.05,broken clouds
469,Nuuk,GL,64.1835,-51.7216,1.4,66,40,26.46,scattered clouds
470,Goure,NE,13.9835,10.2704,70.48,15,0,10.49,clear sky
471,Jalingo,NG,8.8833,11.3667,85.15,17,25,6.78,scattered clouds
472,Fukue,JP,32.6881,128.8419,61.86,93,100,22.62,light rain
473,Gornopravdinsk,RU,60.05,69.9,20.17,94,100,7.83,overcast clouds
474,Kulevcha,UA,46.0303,29.9361,43.56,78,82,6.91,broken clouds
475,Cabildo,AR,-38.4842,-61.8954,62.01,67,0,1.99,clear sky
476,San Jose,US,37.3394,-121.895,78.01,20,1,11.5,clear sky
477,Prieska,ZA,-29.6641,22.7474,66.83,41,0,13.62,clear sky
478,Trelaze,FR,47.45,-0.4667,45.0,93,0,1.14,clear sky
479,Ketchikan,US,55.3422,-131.6461,42.8,100,90,17.27,moderate rain
480,Khromtau,KZ,50.2503,58.4347,19.99,91,96,8.84,overcast clouds
481,Chifeng,CN,42.2683,118.9636,42.6,35,85,22.32,overcast clouds
482,Kamenka,RU,51.3223,42.7678,35.01,85,100,7.05,snow
483,Mogadishu,SO,2.0371,45.3438,80.35,82,97,16.22,overcast clouds
484,Maromitsa,RU,59.8683,48.0123,10.67,99,59,2.98,broken clouds
485,Huangmei,CN,30.1924,116.025,55.76,90,0,3.27,clear sky
486,Cockburn Town,TC,21.4612,-71.1419,78.8,69,40,11.5,scattered clouds
487,Portland,US,45.5234,-122.6762,63.0,47,40,4.61,scattered clouds
488,Eyl,SO,7.9803,49.8164,78.04,81,79,12.93,broken clouds
489,Rypefjord,NO,70.6333,23.6667,37.4,75,90,10.36,overcast clouds
490,Flinders,AU,-34.5833,150.8552,66.99,86,12,1.01,few clouds
491,Sovetskiy,RU,61.3614,63.5842,17.62,95,55,6.33,broken clouds
492,Dudinka,RU,69.4058,86.1778,-5.75,97,12,7.11,few clouds
493,Hualmay,PE,-11.0964,-77.6139,72.75,75,19,7.07,few clouds
494,Lumberton,US,34.6182,-79.0086,84.2,65,75,9.22,broken clouds
495,Vaitape,PF,-16.5167,-151.75,82.49,73,35,21.18,scattered clouds
496,Dillon,US,34.4166,-79.3712,86.0,51,40,8.05,scattered clouds
497,Yenagoa,NG,4.9247,6.2642,78.75,86,100,4.56,overcast clouds
498,Asfi,MA,32.2994,-9.2372,60.87,83,57,11.54,broken clouds
499,Itaituba,BR,-4.2761,-55.9836,89.6,62,40,8.05,scattered clouds
500,Gorgan,IR,36.8387,54.4348,51.8,93,90,18.41,overcast clouds
501,Pevek,RU,69.7008,170.3133,-12.75,94,71,5.19,broken clouds
502,Atar,MR,20.5169,-13.0499,81.07,17,0,5.82,clear sky
503,Meulaboh,ID,4.1363,96.1285,75.7,90,80,5.08,broken clouds
504,Alice Springs,AU,-23.7,133.8833,68.0,77,28,4.61,scattered clouds
505,Maningrida,AU,-12.0667,134.2667,77.92,89,91,8.59,overcast clouds
506,Geraldton,AU,-28.7667,114.6,60.8,77,6,8.05,clear sky
507,Antequera,ES,37.0194,-4.5612,61.0,82,75,3.44,broken clouds
508,Lorengau,PG,-2.0226,147.2712,81.23,83,96,8.16,overcast clouds
509,Makueni,KE,-1.8041,37.6203,66.97,75,99,1.39,overcast clouds
510,Verkhoyansk,RU,67.5447,133.385,-0.45,98,100,2.93,overcast clouds
511,Magdalena,PH,14.1999,121.429,82.0,77,98,3.36,overcast clouds
512,Dickinson,US,29.4608,-95.0513,82.99,65,75,23.02,broken clouds
513,Maceio,BR,-9.6658,-35.7353,75.2,94,90,6.91,mist
514,Bilaspur,IN,22.0833,82.15,73.11,17,0,3.74,clear sky
515,Cocorit,MX,27.5833,-109.9667,80.6,12,1,14.97,clear sky
516,San Vicente De Canete,PE,-13.0751,-76.3835,73.72,74,18,6.02,few clouds
517,Darnah,LY,32.767,22.6367,55.8,69,3,11.63,clear sky
518,Atakpame,TG,7.5333,1.1333,77.4,75,34,5.08,scattered clouds
519,Mountain Home,US,43.133,-115.6912,59.0,29,1,12.66,clear sky
520,Butajira,ET,8.1167,38.3667,62.51,30,100,6.51,overcast clouds
521,Hurricane,US,37.1753,-113.2899,68.0,20,1,3.44,clear sky
522,Lensk,RU,60.7253,114.9278,11.48,95,96,4.36,overcast clouds
523,Salinas,US,36.6777,-121.6555,78.8,21,1,4.61,clear sky
524,Taywarah,AF,33.35,64.4167,51.53,36,80,5.97,broken clouds
525,Quelimane,MZ,-17.8786,36.8883,82.4,83,40,2.3,moderate rain
526,Roscommon,IE,53.6333,-8.1833,49.75,90,100,24.63,light rain
527,Port-Gentil,GA,-0.7193,8.7815,78.8,89,20,4.61,few clouds
528,Arica,CL,-18.475,-70.3042,73.4,60,0,11.5,clear sky
529,Vanimo,PG,-2.6741,141.3028,78.67,86,100,3.8,overcast clouds
530,Severo-Kurilsk,RU,50.6789,156.125,26.85,82,100,35.66,light snow
531,Sainte-Maxime,FR,43.3,6.6333,55.99,82,0,11.03,clear sky
532,Tongchuan,CN,35.0806,109.0897,53.94,35,0,6.06,clear sky
533,Estelle,US,29.8458,-90.1067,82.99,83,75,14.97,broken clouds
534,Aleksandrov Gay,RU,50.147,48.5704,35.13,97,100,7.7,overcast clouds
535,North Bend,US,43.4065,-124.2243,68.0,72,1,11.5,clear sky
536,Pangnirtung,CA,66.1451,-65.7125,-9.17,87,93,2.35,overcast clouds
537,Phangnga,TH,8.4509,98.5298,80.6,78,40,1.14,scattered clouds
538,Vila,PT,42.0304,-8.1588,52.0,66,0,4.0,clear sky
539,Kimparana,ML,12.8347,-4.9244,90.84,11,14,13.33,few clouds
540,Margate,GB,51.3813,1.3862,46.99,74,100,1.99,overcast clouds
541,Kembe,CF,4.6228,21.8865,71.87,77,68,2.51,broken clouds
542,Ewa Beach,US,21.3156,-158.0072,82.4,51,1,12.66,clear sky
543,Tera,NE,14.0078,0.7531,81.12,9,4,10.8,clear sky
544,Balaka,MW,-14.9793,34.9558,67.51,94,18,3.69,few clouds
545,Waingapu,ID,-9.6567,120.2641,77.94,83,94,4.74,heavy intensity rain
546,Bandarbeyla,SO,9.4942,50.8122,78.49,79,26,11.59,scattered clouds
547,Fort Nelson,CA,58.8053,-122.7002,41.0,42,75,10.36,broken clouds
548,Khalkhal,IR,37.6189,48.5258,29.95,68,43,2.53,light snow
549,Ankara,TR,39.9199,32.8543,36.0,80,0,2.55,clear sky
550,Sioux Lookout,CA,50.1001,-91.917,35.6,41,75,11.5,broken clouds
551,Micheweni,TZ,-4.9667,39.8333,80.85,68,100,3.67,overcast clouds
552,Gunjur,GM,13.2019,-16.7339,71.6,73,3,11.5,clear sky
553,Rio Gallegos,AR,-51.6226,-69.2181,69.8,35,40,20.71,light rain
554,Arkhipo-Osipovka,RU,44.37,38.52,44.19,81,81,11.03,light rain
555,Lake City,US,30.1897,-82.6393,87.8,45,1,5.75,clear sky
556,Ballitoville,ZA,-29.539,31.2144,71.01,68,0,10.36,light rain
557,Slave Lake,CA,55.2834,-114.769,44.6,49,90,5.75,overcast clouds
558,Caraquet,CA,47.7941,-64.9386,24.8,74,100,6.91,overcast clouds
559,Sao Paulo De Olivenca,BR,-3.3783,-68.8725,79.27,93,76,1.79,broken clouds
560,Qaqortoq,GL,60.7167,-46.0333,10.4,40,75,3.44,broken clouds
561,Komsomolskiy,UZ,40.4272,71.7189,55.4,82,90,2.3,light rain
562,At-Bashi,KG,41.1702,75.8106,37.63,96,100,2.57,light rain
563,Loa Janan,ID,-0.583,117.095,72.5,98,95,1.9,moderate rain
564,Saint-Pierre,RE,-21.3393,55.4781,77.0,83,0,6.91,clear sky
565,Rexburg,US,43.826,-111.7897,48.2,43,90,8.05,overcast clouds
566,Westport,US,41.1415,-73.3579,63.0,55,1,10.36,clear sky
567,Soyo,AO,-6.1349,12.3689,80.6,81,84,10.45,broken clouds
568,Salina,US,38.8403,-97.6114,61.0,48,75,24.16,broken clouds
569,Sao Felix Do Xingu,BR,-6.6447,-51.995,73.38,95,45,1.36,scattered clouds
570,Penzance,GB,50.1186,-5.5371,50.0,81,75,25.32,broken clouds
571,Brigantine,US,39.4101,-74.3646,62.6,48,1,10.36,clear sky
572,Putyatino,RU,54.16,41.1169,31.75,90,99,4.65,overcast clouds
573,Harper,LR,4.375,-7.7169,78.12,87,5,4.43,clear sky
574,Soe,ID,-9.8607,124.284,66.4,95,94,3.22,overcast clouds
575,Bonavista,CA,48.6499,-53.1147,28.0,86,100,11.5,overcast clouds
576,Fergus Falls,US,46.283,-96.0776,41.0,75,75,6.91,broken clouds
577,Mayumba,GA,-3.432,10.6554,80.6,84,94,5.44,overcast clouds
578,Belmonte,BR,-15.8631,-38.8828,80.6,69,0,8.05,clear sky
579,Baoding,CN,38.8511,115.4903,53.26,83,70,7.65,broken clouds
580,Angoche,MZ,-16.2325,39.9086,78.26,84,6,6.02,clear sky
581,Abu Dhabi,AE,24.4667,54.3667,78.8,50,0,3.44,clear sky
582,Seymchan,RU,62.8833,152.4333,-11.02,98,90,1.77,overcast clouds
583,Port-Cartier,CA,50.0334,-66.8654,28.0,50,40,8.05,scattered clouds
584,Ust-Tsilma,RU,65.441,52.1498,15.6,96,57,5.35,broken clouds
585,Sao Luiz Gonzaga,BR,-28.4083,-54.9608,67.12,98,100,6.49,moderate rain
586,Fare,PF,-16.7,-151.0167,82.27,74,32,21.88,light rain
587,Santa Cruz Do Rio Pardo,BR,-22.8989,-49.6325,76.44,69,22,3.53,moderate rain
588,Srednekolymsk,RU,67.45,153.6833,-5.48,85,96,2.15,overcast clouds
589,Kununurra,AU,-15.7667,128.7333,78.8,100,90,2.3,overcast clouds
590,Avera,US,33.194,-82.5271,84.2,54,1,8.05,clear sky
591,Richmond,US,37.5538,-77.4603,70.0,49,90,12.66,heavy intensity rain
592,Elko,US,41.0002,-115.5012,57.99,26,1,4.61,clear sky
593,Baykit,RU,61.67,96.37,16.05,98,99,1.03,overcast clouds
594,Bilma,NE,18.6853,12.9164,72.03,16,0,10.71,clear sky
595,Kolokani,ML,13.5728,-8.0339,83.26,9,6,7.0,clear sky
596,Kinwat,IN,19.6333,78.2,81.09,15,0,2.44,clear sky
597,Cashel,IE,52.5158,-7.8856,50.0,88,100,11.99,overcast clouds
598,Jalu,LY,29.0331,21.5482,55.99,37,0,7.31,clear sky
599,Olinda,BR,-8.0089,-34.8553,78.8,73,20,8.05,few clouds
600,West Wendover,US,40.7391,-114.0733,55.4,30,1,8.05,clear sky
601,Buraydah,SA,26.326,43.975,62.6,45,0,12.66,clear sky
602,Maltahohe,NA,-24.8333,16.9833,66.76,32,0,10.29,clear sky
603,Clarksdale,US,34.2001,-90.5709,80.6,69,100,18.41,overcast clouds
604,Zabol,AF,32.25,67.25,61.12,31,1,10.69,clear sky
605,Puerto Varas,CL,-41.3195,-72.9854,64.4,59,0,13.8,clear sky
606,Colares,PT,38.7992,-9.4469,62.01,59,25,10.0,scattered clouds
607,Matagami,CA,49.7502,-77.6328,39.2,28,1,5.75,clear sky
608,Zelenoborskiy,RU,66.845,32.3622,36.0,96,100,9.04,overcast clouds
609,Sosnytsya,UA,51.5239,32.4999,41.27,84,98,6.04,overcast clouds
610,Manokwari,ID,-0.8667,134.0833,76.66,92,100,9.06,light rain
611,Hays,US,30.0502,-98.0336,84.0,57,75,9.22,broken clouds
612,Tokur,RU,53.1333,132.9,18.66,96,95,2.15,overcast clouds
613,Malanje,AO,-9.5402,16.341,63.28,95,71,2.95,broken clouds
614,Wagar,SD,16.1525,36.2032,71.58,64,3,16.73,clear sky
615,Halifax,CA,44.6453,-63.5724,32.0,74,96,13.8,overcast clouds
616,Usinsk,RU,65.9939,57.5281,20.1,87,99,15.97,overcast clouds
617,San Quintin,MX,30.4833,-115.95,66.81,37,0,11.3,clear sky
618,Bulle,CH,46.6195,7.0567,37.0,78,22,1.99,few clouds
619,Pirayu,PY,-25.4833,-57.2333,78.8,83,75,12.66,broken clouds
620,Panzhihua,CN,26.5851,101.7128,53.01,50,0,2.68,clear sky
621,Porto Novo,BJ,6.4965,2.6036,84.2,84,40,11.5,scattered clouds
622,Aklavik,CA,68.2191,-135.0107,-4.0,65,40,8.05,scattered clouds
623,Kailua,US,21.4022,-157.7394,80.6,50,40,16.11,scattered clouds
624,Vicksburg,US,32.3526,-90.8779,87.8,61,20,9.22,few clouds
625,Kuching,MY,1.55,110.3333,77.0,94,40,2.46,scattered clouds
626,Yar-Sale,RU,66.8333,70.8333,-12.15,100,60,3.4,broken clouds
627,Lampazos De Naranjo,MX,27.0167,-100.5167,95.85,11,3,14.12,clear sky
628,Springville,US,40.1652,-111.6107,53.01,43,1,4.61,clear sky
629,Tecoanapa,MX,16.5167,-98.75,84.4,47,0,10.63,clear sky
630,Road Town,VG,18.4167,-64.6167,80.6,69,40,11.5,scattered clouds
631,Krasnoarmeysk,RU,51.0239,45.6969,32.36,98,100,7.09,overcast clouds
632,Lalmohan,BD,22.3384,90.7419,78.39,59,55,5.97,light rain
633,Acarau,BR,-2.8856,-40.12,77.23,83,66,9.69,broken clouds
634,Manta,EC,-0.95,-80.7333,82.4,74,20,9.22,few clouds
635,Ejea De Los Caballeros,ES,42.1263,-1.1372,54.0,66,0,11.5,clear sky
636,Humaita,BR,-7.5061,-63.0208,75.42,95,96,2.95,light rain
637,Potosi,BO,-19.5836,-65.7531,50.25,64,99,6.11,overcast clouds
638,Almaznyy,RU,48.0448,40.045,42.8,75,40,4.47,scattered clouds
639,Kisesa,TZ,-3.0833,34.15,62.94,85,100,4.09,light rain
640,Okaihau,NZ,-35.3167,173.7833,69.01,80,99,7.0,overcast clouds
641,Elat,IL,29.5581,34.9482,59.0,36,0,17.27,clear sky
642,Davila,PH,18.4726,120.5763,75.2,94,20,2.3,few clouds
643,Sanary-Sur-Mer,FR,43.1178,5.8001,55.0,56,0,4.0,clear sky
644,Metairie,US,29.9841,-90.1528,84.2,65,75,10.36,broken clouds
645,Nyurba,RU,63.2842,118.3319,7.75,98,94,3.0,overcast clouds
646,Bagdarin,RU,54.4333,113.6,10.22,92,96,5.7,overcast clouds
647,Bumba,CD,2.1833,22.4667,72.77,79,62,1.43,broken clouds
648,Zaigrayevo,RU,51.8336,108.2703,24.8,68,20,4.47,few clouds
649,Proddatur,IN,14.7333,78.55,78.84,51,41,4.92,scattered clouds
650,Kuryk,KZ,43.2,51.65,41.61,78,38,14.5,scattered clouds
651,Richards Bay,ZA,-28.783,32.0377,69.96,86,72,17.45,light rain
652,Yevlax,AZ,40.6089,47.1492,39.2,87,90,5.75,overcast clouds
653,Saint-Medard-En-Jalles,FR,44.8969,-0.7214,48.99,66,0,5.75,clear sky
654,Vila Franca Do Campo,PT,37.7167,-25.4333,53.6,87,20,5.75,few clouds
655,Abha,SA,18.2164,42.5053,62.6,51,0,1.43,clear sky
656,Kavaratti,IN,10.5669,72.642,82.69,77,100,3.89,overcast clouds
657,Pamplona,ES,42.8169,-1.6432,51.01,76,0,4.61,clear sky
658,Lisakovsk,KZ,52.5369,62.4936,23.38,96,92,9.15,overcast clouds
659,Kanalion,GR,39.6056,19.8925,54.0,81,0,3.47,clear sky
660,Tobane,BW,-21.95,27.9,72.48,32,0,6.64,clear sky
661,Ravar,IR,31.2656,56.8055,76.01,16,14,27.6,few clouds
662,Young,UY,-32.6833,-57.6333,66.0,88,95,8.25,overcast clouds
663,New Amsterdam,GY,6.25,-57.5167,76.77,84,15,5.64,few clouds
664,Kieta,PG,-6.2167,155.6333,82.63,75,94,6.04,light rain
665,Motatei,RO,44.0833,23.2,48.0,56,0,4.61,clear sky
666,Kabugao,PH,18.0217,121.1842,70.83,97,60,2.24,broken clouds
667,Diffa,NE,13.3154,12.6113,77.32,23,0,17.07,clear sky
668,Rudnyy,KZ,52.9594,63.1206,21.2,93,78,4.47,mist
669,Nadym,RU,65.5333,72.5167,-8.59,99,10,8.86,clear sky
670,Washington,US,47.5001,-120.5015,64.0,30,81,1.99,broken clouds
671,Brokopondo,SR,4.75,-55.1667,77.59,83,70,9.98,light rain
672,Sorland,NO,67.667,12.6934,37.99,93,100,22.17,overcast clouds
673,Mandalgovi,MN,45.7625,106.2708,20.48,56,5,12.15,clear sky
674,Ola,RU,59.5833,151.2833,-0.45,94,83,3.51,broken clouds
675,Voh,NC,-20.9667,164.7,85.41,60,1,2.59,clear sky
676,Faro,PT,37.0194,-7.9322,64.4,52,0,6.91,clear sky
677,Buala,SB,-8.145,159.5921,83.12,77,63,9.53,moderate rain
678,Tanabe,JP,33.7333,135.3667,61.47,80,100,16.49,overcast clouds
679,Lubartow,PL,51.4603,22.6095,46.4,93,75,6.91,broken clouds
680,Kibala,TD,9.1104,18.3463,89.6,40,0,3.76,light rain
681,Ibra,OM,22.6906,58.5334,74.26,47,18,1.57,few clouds
682,Santa Rosa,PH,14.3122,121.1114,79.0,78,20,5.75,few clouds
683,Ixtapa,MX,20.7,-105.2,73.4,73,75,12.66,broken clouds
684,Leshukonskoye,RU,64.8989,45.7622,19.09,96,21,4.72,few clouds
685,Hirara,JP,24.8,125.2833,73.4,100,75,12.66,broken clouds
686,Cascais,PT,38.6979,-9.4215,62.01,59,34,10.0,scattered clouds
687,Aswan,EG,24.0934,32.907,62.47,24,0,14.97,clear sky
688,Daura,NG,11.5538,11.4085,73.78,15,27,11.21,scattered clouds
689,Celestun,MX,20.8667,-90.4,88.61,56,24,10.07,few clouds
690,Opuwo,NA,-18.0607,13.84,71.31,65,83,3.58,broken clouds
691,Alpena,US,45.0617,-83.4327,36.0,86,90,6.91,overcast clouds
692,Gazanjyk,TM,39.2446,55.5154,52.88,60,100,16.08,overcast clouds
693,Roma,US,43.2128,-75.4557,50.0,57,90,1.61,overcast clouds
694,Sangar,RU,63.9242,127.4739,13.51,95,100,3.44,light snow
695,Poya,NC,-21.35,165.15,83.57,64,0,1.61,clear sky
696,Bairiki,KI,1.3292,172.9752,82.4,78,20,8.05,few clouds
697,Matara,LK,5.9485,80.5353,76.19,83,100,3.15,overcast clouds
698,Whittlesea,ZA,-32.1759,26.8244,51.42,82,81,4.05,broken clouds
699,Vengerovo,RU,55.6848,76.7471,23.11,98,100,2.8,overcast clouds
700,Pechora,RU,65.1472,57.2244,19.62,92,94,6.69,overcast clouds
701,Chapais,CA,49.7834,-74.8492,39.2,38,1,6.91,clear sky
